department,targeted_productivity,smv,over_time,incentive,idle_time,idle_men,no_of_style_change,actual_productivity
1,0.8,26.16,7080,98,0,0,0,0.940725424
2,0.75,3.94,960,0,0,0,0,0.8865
1,0.8,11.41,3660,50,0,0,0,0.800570492
1,0.8,11.41,3660,50,0,0,0,0.800570492
1,0.8,25.9,1920,50,0,0,0,0.800381944
1,0.8,25.9,6720,38,0,0,0,0.800125
2,0.75,3.94,960,0,0,0,0,0.755166667
1,0.75,28.08,6900,45,0,0,0,0.753683478
1,0.75,19.87,6000,34,0,0,0,0.753097531
1,0.75,28.08,6900,45,0,0,0,0.750427826
1,0.7,28.08,6900,44,0,0,0,0.721126957
1,0.75,19.31,6480,45,0,0,0,0.712205247
1,0.8,11.41,3660,50,0,0,0,0.707045902
2,0.65,3.94,960,0,0,0,0,0.705916667
2,0.75,2.9,960,0,0,0,0,0.676666667
2,0.75,3.94,2160,0,0,0,0,0.593055556
2,0.8,2.9,960,0,0,0,0,0.540729167
1,0.65,23.69,7200,0,0,0,0,0.52118
2,0.7,4.15,1440,0,0,0,0,0.436326389
2,0.8,4.15,6600,0,0,0,0,0.988024691
2,0.75,2.9,5640,0,0,0,0,0.987880435
2,0.8,4.15,960,0,0,0,0,0.956270833
2,0.75,3.94,1560,0,0,0,0,0.945277778
2,0.8,3.94,960,0,0,0,0,0.902916667
1,0.8,28.08,6300,50,0,0,0,0.800725314
1,0.8,28.08,6540,50,0,0,0,0.800322936
1,0.8,26.16,7080,50,0,0,0,0.800318644
1,0.8,26.16,7080,63,0,0,0,0.800318644
1,0.8,11.61,7080,50,0,0,0,0.800237288
1,0.8,11.61,7080,50,0,0,0,0.800148649
1,0.8,25.9,6720,50,0,0,0,0.800125
1,0.8,25.9,6720,38,0,0,0,0.800125
1,0.75,19.31,6480,56,0,0,0,0.787299691
2,0.8,4.15,960,0,0,0,0,0.782447917
1,0.75,19.87,6600,45,0,0,0,0.75024303
2,0.7,4.15,960,0,0,0,0,0.7018125
1,0.7,23.69,13800,0,0,0,0,0.700134038
1,0.7,28.08,6900,40,0,0,0,0.699965217
2,0.8,2.9,960,0,0,0,0,0.628333333
2,0.8,3.94,960,0,0,0,0,0.6253125
2,0.75,4.15,1560,0,0,0,0,0.991388889
2,0.8,3.94,960,0,0,0,0,0.931645833
2,0.8,3.94,960,0,0,0,0,0.915229167
1,0.8,11.61,6975,50,0,0,0,0.879714482
2,0.8,3.94,6600,0,0,0,0,0.861679012
1,0.8,26.16,7080,60,0,0,0,0.850569492
1,0.8,25.9,7020,60,0,0,0,0.850436438
1,0.8,25.9,6780,45,0,0,0,0.850345133
1,0.8,28.08,4260,50,0,0,0,0.800598058
1,0.8,26.16,7080,63,0,0,0,0.800318644
1,0.8,28.08,6660,50,0,0,0,0.800237838
1,0.8,11.61,6975,50,0,0,0,0.800030199
2,0.8,3.94,960,0,0,0,0,0.792104167
2,0.7,3.94,4320,0,0,0,0,0.759228395
1,0.75,19.31,6480,45,0,0,0,0.750348457
1,0.75,19.87,6600,45,0,0,0,0.75024303
1,0.7,28.08,6900,40,0,0,0,0.699965217
2,0.8,2.9,960,0,0,0,0,0.682708333
2,0.8,2.9,960,0,0,0,0,0.667604167
1,0.7,45.67,6960,26,0,0,0,0.603432184
2,0.75,4.15,960,0,0,0,0,0.345833333
2,0.8,3.94,1920,0,0,0,0,0.961059028
2,0.8,3.94,2400,0,0,0,0,0.939513889
2,0.8,3.94,3840,0,0,0,0,0.893663194
2,0.75,4.15,1920,0,0,0,0,0.875390625
1,0.8,26.16,7080,75,0,0,0,0.850569492
2,0.8,2.9,1920,0,0,0,0,0.820833333
2,0.8,3.94,960,0,0,0,0,0.804416667
1,0.8,25.9,6780,50,0,0,0,0.800684366
1,0.8,25.9,6780,38,0,0,0,0.800684366
1,0.8,26.16,7080,63,0,0,0,0.800318644
1,0.8,19.31,4800,50,0,0,0,0.800250962
1,0.8,11.61,7200,50,0,0,0,0.800246011
1,0.8,11.61,7200,50,0,0,0,0.800246011
1,0.8,28.08,6900,50,0,0,0,0.800076522
1,0.8,28.08,6900,50,0,0,0,0.800076522
2,0.75,2.9,960,0,0,0,0,0.763375
2,0.6,2.9,960,0,0,0,0,0.759270833
1,0.75,28.08,7020,45,0,0,0,0.7504
1,0.75,19.87,6600,45,0,0,0,0.75024303
2,0.8,3.94,960,0,0,0,0,0.676666667
2,0.8,2.9,960,0,0,0,0,0.664583333
1,0.6,21.98,6960,23,0,0,0,0.600028736
2,0.8,3.94,4440,0,0,0,0,0.966781346
2,0.8,3.94,1440,0,0,0,0,0.936496212
2,0.75,4.15,1800,0,0,0,0,0.899166667
2,0.8,4.15,2700,0,0,0,0,0.888686869
2,0.8,3.94,1440,0,0,0,0,0.858143939
1,0.8,26.16,10620,75,0,0,0,0.850502311
1,0.8,26.16,10620,75,0,0,0,0.850502311
2,0.75,3.94,1440,0,0,0,0,0.809640152
2,0.8,3.94,1440,0,0,0,0,0.805909091
1,0.8,28.08,10350,50,0,0,0,0.800594466
1,0.8,28.08,10350,50,0,0,0,0.800594466
1,0.8,19.87,9900,50,0,0,0,0.800273829
1,0.8,11.61,5310,50,0,0,0,0.800140969
1,0.8,25.9,10170,38,0,0,0,0.800128721
1,0.8,25.9,10170,38,0,0,0,0.800128721
1,0.8,11.61,4470,38,0,0,0,0.80007657
1,0.75,28.08,10530,45,0,0,0,0.750545455
1,0.75,19.31,9900,45,0,0,0,0.750057851
2,0.8,2.9,1440,0,0,0,0,0.681060606
1,0.65,21.98,10440,35,0,0,0,0.649983281
2,0.8,2.9,1440,0,0,0,0,0.61625
2,0.8,3.94,1440,0,0,0,0,0.951420455
2,0.8,3.94,1440,0,0,0,0,0.880530303
1,0.8,26.16,10620,75,0,0,0,0.850502311
1,0.8,26.16,10620,75,0,0,0,0.850502311
1,0.8,25.9,10170,60,0,0,0,0.850136766
2,0.75,4.15,2700,0,0,0,0,0.83
2,0.8,3.94,4440,0,0,0,0,0.827186544
2,0.8,3.94,1440,0,0,0,0,0.813371212
2,0.75,3.94,1440,0,0,0,0,0.805909091
2,0.8,2.9,1440,0,0,0,0,0.804640152
1,0.8,28.08,10350,63,0,0,0,0.800594466
1,0.8,28.08,10350,50,0,0,0,0.800594466
1,0.8,11.41,5490,50,0,0,0,0.800343766
1,0.8,19.87,9900,50,0,0,0,0.800273829
1,0.8,11.61,5670,50,0,0,0,0.800246753
1,0.8,25.9,10170,50,0,0,0,0.800128721
1,0.75,28.08,10530,69,0,0,0,0.8
1,0.7,21.98,9720,40,0,0,0,0.700480831
2,0.8,2.9,1440,0,0,0,0,0.681060606
2,0.8,2.9,1800,0,0,0,0,0.666515152
1,0.8,31.83,9900,40,0,0,0,0.412119835
2,0.7,4.15,1440,0,0,0,0,0.330113636
2,0.8,3.94,1440,0,0,0,0,0.947689394
2,0.8,3.94,12600,0,0,0,0,0.919905405
1,0.8,26.16,10620,88,0,0,0,0.900215716
2,0.8,3.94,1440,0,0,0,0,0.891723485
1,0.8,26.16,10620,75,0,0,0,0.850502311
1,0.8,28.08,10530,75,0,0,0,0.850181818
1,0.8,25.9,10170,60,0,0,0,0.850136766
1,0.8,25.9,10170,60,0,0,0,0.850136766
2,0.8,3.94,1440,0,0,0,0,0.835757576
2,0.7,4.15,3840,0,0,0,0,0.821354167
1,0.8,28.08,10050,63,0,0,0,0.800497246
1,0.8,19.87,9900,50,0,0,0,0.800273829
1,0.8,11.61,15120,63,0,0,0,0.800107143
1,0.8,11.41,14640,50,0,0,0,0.800024932
1,0.75,28.08,10530,69,0,0,0,0.8
2,0.75,3.94,1440,0,0,0,0,0.779791667
2,0.8,2.9,1440,0,0,0,0,0.735984848
2,0.75,4.15,2160,0,0,0,0,0.712626263
2,0.8,2.9,1440,0,0,0,0,0.681060606
2,0.8,4.15,900,0,0,0,0,0.515606061
1,0.35,12.52,25920,38,0,0,0,0.349951389
1,0.7,42.41,10260,0,0,0,0,0.233705476
2,0.8,3.94,2160,0,0,0,0,0.985
2,0.75,4.15,2760,0,0,0,0,0.930340376
2,0.8,3.94,6000,0,0,0,0,0.911589744
2,0.8,3.94,1440,0,0,0,0,0.858143939
1,0.8,26.16,10620,75,0,0,0,0.851174114
1,0.8,25.9,10170,60,0,0,0,0.850136766
1,0.8,25.9,10170,60,0,0,0,0.850136766
2,0.8,3.94,1440,0,0,0,0,0.846950758
2,0.8,4.15,1440,0,0,0,0,0.817424242
2,0.8,3.94,1440,0,0,0,0,0.817102273
1,0.8,28.08,10440,63,0,0,0,0.801028213
1,0.8,28.08,10350,63,0,0,0,0.800594466
1,0.8,11.61,4710,50,0,0,0,0.800346445
1,0.8,11.41,5490,50,0,0,0,0.800343766
1,0.8,26.16,10620,63,0,0,0,0.800117103
1,0.8,28.08,10530,63,0,0,0,0.8
1,0.75,19.87,7080,45,0,0,0,0.750098351
1,0.5,12.52,9540,38,0,0,0,0.673245283
2,0.8,2.9,1440,0,0,0,0,0.670075758
2,0.8,2.9,1440,0,0,0,0,0.628882576
1,0.5,20.79,7680,0,0,0,0,0.388007813
2,0.5,4.15,1440,0,0,0,0,0.337973485
2,0.75,4.15,1440,0,0,0,0,0.93532197
2,0.8,3.94,3600,0,0,0,0,0.925643939
1,0.8,26.16,10620,88,0,0,0,0.900215716
2,0.8,3.94,1440,0,0,0,0,0.873068182
2,0.8,3.94,1440,0,0,0,0,0.858143939
1,0.8,26.16,10620,75,0,0,0,0.850502311
1,0.8,25.9,10170,45,0,0,0,0.850136766
1,0.8,25.9,10170,60,0,0,0,0.850136766
2,0.8,3.94,1440,0,0,0,0,0.828295455
2,0.8,3.94,1440,0,0,0,0,0.820833333
1,0.8,11.41,5490,50,0,0,0,0.800343766
1,0.8,11.61,5670,50,0,0,0,0.800246753
1,0.8,28.08,10530,63,0,0,0,0.8
1,0.8,28.08,10530,38,0,0,0,0.8
1,0.8,19.87,6420,0,0,0,0,0.690182815
2,0.8,4.15,1440,0,0,0,0,0.668087121
2,0.8,2.9,1440,0,0,0,0,0.653598485
2,0.5,4.15,1440,0,0,0,0,0.609138258
1,0.6,12.52,9540,30,0,0,0,0.600229846
2,0.8,2.9,1440,0,0,0,0,0.597348485
2,0.8,2.9,1440,0,0,0,0,0.590435606
1,0.8,50.48,10440,0,0,0,0,0.473134796
1,0.6,20.79,7980,0,0,0,0,0.452979626
2,0.8,3.94,1440,0,0,0,0,0.955151515
2,0.35,4.3,3240,0,0,0,0,0.942213805
2,0.8,4.15,1800,0,0,0,0,0.905454545
2,0.8,3.94,1440,0,0,0,0,0.880530303
2,0.8,3.94,1440,0,0,0,0,0.858143939
1,0.8,26.16,8220,75,0,0,0,0.850522167
1,0.8,26.16,10620,75,0,0,0,0.850502311
1,0.8,25.9,10170,60,0,0,0,0.850136766
1,0.8,25.9,10170,60,0,0,0,0.850136766
2,0.8,2.9,1440,0,0,0,0,0.817424242
2,0.65,4.15,1440,0,0,0,0,0.809564394
1,0.8,19.87,9900,0,0,0,0,0.800273829
1,0.8,11.41,5670,50,0,0,0,0.800181818
1,0.8,11.61,4470,50,0,0,0,0.80007657
1,0.8,28.08,10530,63,0,0,0,0.8
2,0.8,2.9,1440,0,0,0,0,0.725
1,0.8,50.48,6930,45,0,0,0,0.688557555
1,0.65,20.79,8460,0,0,0,0,0.650040783
1,0.65,12.52,9540,44,0,0,0,0.64998056
2,0.8,2.9,1440,0,0,0,0,0.648106061
2,0.8,4.15,1440,0,0,0,0,0.640577652
1,0.35,22.4,7350,0,0,0,0,0.35063299
2,0.8,3.94,1440,0,0,0,0,0.24625
2,0.35,4.3,2160,0,0,0,0,0.952020202
2,0.8,3.94,1440,0,0,0,0,0.951420455
2,0.8,3.94,5400,0,0,0,0,0.912766667
2,0.8,4.15,1620,0,0,0,0,0.901262626
2,0.8,3.94,1440,0,0,0,0,0.858143939
1,0.8,26.16,10620,75,0,0,0,0.850502311
1,0.8,26.16,10620,75,0,0,0,0.850502311
1,0.8,25.9,10260,60,0,0,0,0.850252525
1,0.8,25.9,10170,60,0,0,0,0.850136766
2,0.65,4.15,1440,0,0,0,0,0.821354167
2,0.8,3.94,1440,0,0,0,0,0.805909091
1,0.8,11.61,5670,50,0,0,0,0.800246753
1,0.8,11.61,5670,50,0,0,0,0.800246753
1,0.8,28.08,10530,50,0,0,0,0.8
1,0.8,42.27,9900,54,0,0,0,0.705576584
2,0.8,2.9,1440,0,0,0,0,0.681060606
2,0.8,2.9,1440,0,0,0,0,0.670075758
2,0.8,4.15,1440,0,0,0,0,0.601278409
1,0.7,27.13,9540,37,0,0,0,0.582301029
1,0.7,20.79,10440,0,0,0,0,0.526810345
1,0.5,22.4,10170,23,0,0,0,0.500380799
1,0.35,22.4,10170,23,0,0,0,0.35020649
2,0.8,4.15,1980,0,0,0,0,0.934607438
2,0.35,4.3,2700,0,0,0,0,0.908080808
1,0.8,25.9,10170,70,0,0,0,0.900144811
2,0.8,3.94,1440,0,0,0,0,0.891723485
2,0.65,4.15,1440,0,0,0,0,0.864583333
2,0.8,3.94,1440,0,0,0,0,0.858143939
1,0.8,26.16,10620,75,0,0,0,0.850502311
1,0.8,25.9,10170,60,0,0,0,0.850136766
2,0.8,2.9,1440,0,0,0,0,0.837594697
2,0.8,4.15,1440,0,0,0,0,0.820833333
1,0.8,11.61,2970,50,0,0,0,0.800313433
1,0.8,11.61,5670,38,0,0,0,0.800246753
1,0.8,26.16,10620,63,0,0,0,0.800117103
1,0.7,20.79,7320,0,0,0,0,0.700095563
2,0.8,2.9,1440,0,0,0,0,0.667329545
1,0.6,22.4,5100,23,0,0,0,0.600369686
1,0.5,22.4,3390,23,0,0,0,0.499980334
1,0.35,14.61,7200,23,0,0,0,0.35003125
2,0.8,3.94,1260,0,0,0,0,0.332359307
1,0.8,51.02,4260,27,0,0,0,0.311207464
2,0.8,3.94,1260,0,0,0,0,0.247316017
2,0.35,4.3,3600,0,0,0,0,0.988636364
2,0.8,3.94,3420,0,0,0,0,0.953110048
2,0.8,3.94,1440,0,0,0,0,0.884261364
2,0.65,4.15,1440,0,0,0,0,0.860653409
2,0.8,3.94,1440,0,0,0,0,0.858143939
1,0.8,26.16,10620,75,0,0,0,0.850502311
1,0.8,25.9,8970,60,0,0,0,0.850415628
1,0.8,25.9,10170,60,0,0,0,0.850136766
1,0.8,26.16,10620,63,0,0,0,0.800117103
1,0.8,11.61,4950,38,0,0,0,0.80003139
1,0.8,11.61,4950,50,0,0,0,0.80003139
1,0.7,20.79,10440,0,0,0,0,0.700060345
2,0.8,2.9,1440,0,0,0,0,0.689299242
1,0.5,22.52,10170,30,0,0,0,0.660683293
1,0.65,22.52,10080,26,0,0,0,0.650130952
2,0.8,2.9,1440,0,0,0,0,0.606912879
1,0.6,22.52,10170,23,0,0,0,0.600291767
1,0.5,14.89,9900,30,0,0,0,0.500025069
1,0.5,22.94,9810,23,0,0,0,0.499998888
2,0.65,4.15,2700,0,0,0,0,0.98719697
2,0.8,3.94,1800,0,0,0,0,0.980909091
2,0.8,3.94,1440,0,0,0,0,0.974621212
2,0.8,3.94,1440,0,0,0,0,0.884261364
2,0.8,3.94,1800,0,0,0,0,0.82680303
1,0.8,11.41,5490,63,0,0,0,0.800343766
1,0.8,11.61,5670,63,0,0,0,0.800246753
1,0.8,25.9,10170,50,0,0,0,0.800128721
1,0.8,25.9,10170,50,0,0,0,0.800128721
1,0.8,48.68,10620,63,0,0,0,0.800117103
1,0.8,26.16,10620,63,0,0,0,0.800117103
1,0.6,22.94,6570,23,0,0,0,0.77011398
1,0.7,22.52,10170,50,0,0,0,0.7005417
2,0.8,2.9,1440,0,0,0,0,0.675568182
2,0.8,2.9,1440,0,0,0,0,0.661837121
1,0.65,22.52,9720,35,0,0,0,0.650198653
1,0.6,22.52,10170,30,0,0,0,0.600291767
1,0.6,14.89,10080,38,0,0,0,0.600273268
2,0.8,2.9,900,0,0,0,0,0.465757576
1,0.7,41.19,10440,21,0,0,0,0.452012539
2,0.8,4.15,1260,0,0,0,0,0.313852814
2,0.6,4.15,1440,0,0,0,0,0.852793561
2,0.65,4.15,2160,0,0,0,0,0.838383838
2,0.8,2.9,1800,0,0,0,0,0.804848485
1,0.8,11.41,5490,63,0,0,0,0.800343766
1,0.8,48.84,10170,50,0,0,0,0.800128721
1,0.8,25.9,10170,38,0,0,0,0.800128721
1,0.8,26.16,3660,50,0,0,0,0.800015009
1,0.7,22.52,10170,50,0,0,0,0.7005417
1,0.7,22.52,10080,40,0,0,0,0.700094156
2,0.8,2.9,1440,0,0,0,0,0.692045455
1,0.8,26.87,5670,56,0,0,0,0.662255892
1,0.65,22.52,10170,35,0,0,0,0.650416734
1,0.65,14.89,10260,44,0,0,0,0.650299575
1,0.65,22.94,10170,26,0,0,0,0.650243497
2,0.8,2.9,1440,0,0,0,0,0.639867424
1,0.6,20.4,10440,30,0,0,0,0.600062696
2,0.8,3.94,1800,0,0,0,0,0.582045455
1,0.8,49.1,10350,24,0,0,0,0.403242161
2,0.7,3.94,1440,0,0,0,0,0.235795455
2,0.7,4.3,5040,0,0,0,0,0.977272727
2,0.8,3.94,1800,0,0,0,0,0.964106061
2,0.65,4.15,1440,0,0,0,0,0.958901515
1,0.8,11.41,4380,50,0,0,0,0.800358775
1,0.8,25.9,3630,50,0,0,0,0.800162602
1,0.8,26.16,10620,63,0,0,0,0.800117103
2,0.8,2.9,1440,0,0,0,0,0.793844697
1,0.7,22.94,10170,38,0,0,0,0.750517565
1,0.7,22.52,10260,63,0,0,0,0.750068049
1,0.7,22.52,10170,50,0,0,0,0.750062751
1,0.7,22.52,10080,63,0,0,0,0.750057359
1,0.7,14.89,10260,50,0,0,0,0.700170388
2,0.8,2.9,1440,0,0,0,0,0.683806818
1,0.65,20.4,8280,35,0,0,0,0.650066445
1,0.8,48.84,10260,30,0,0,0,0.576460393
1,0.5,22.94,10170,30,0,0,0,0.549969429
2,0.7,3.94,1440,0,0,0,0,0.538399621
2,0.7,4.15,1440,0,0,0,0,0.409545455
1,0.35,15.26,6120,23,0,0,0,0.35021836
2,0.7,4.15,1440,0,0,0,0,1.033570076
1,0.8,11.41,5580,63,0,0,0,0.800261486
1,0.8,25.9,10170,50,0,0,0,0.800128721
1,0.8,26.16,10620,63,0,0,0,0.800117103
1,0.7,22.52,10260,63,0,0,0,0.750068049
1,0.7,22.52,10080,63,0,0,0,0.750057359
1,0.7,22.52,8460,50,0,0,0,0.750037968
1,0.7,22.94,10260,50,0,0,0,0.750031898
2,0.8,3.94,1800,0,0,0,0,0.72830303
1,0.7,14.89,10260,50,0,0,0,0.700170388
1,0.7,20.4,10260,50,0,0,0,0.700063796
2,0.8,2.9,1440,0,0,0,0,0.639867424
1,0.5,15.26,3720,23,0,0,0,0.500290419
1,0.35,22.94,10080,30,0,0,0,0.400332792
2,0.7,4.15,2700,0,0,0,0,0.362666667
2,0.75,4.3,6000,0,0,0,0,0.978525641
2,0.7,3.94,5100,0,0,0,0,0.912202112
1,0.75,22.52,10080,94,0,0,0,0.900556277
1,0.8,11.61,5760,75,0,0,0,0.850410511
2,0.8,3.94,2400,0,0,0,0,0.827147436
1,0.8,25.9,7470,38,0,0,0,0.800436542
1,0.7,22.94,10500,60,0,0,0,0.800415742
1,0.7,22.52,10080,75,0,0,0,0.800020563
2,0.7,4.15,2400,0,0,0,0,0.758173077
1,0.7,20.4,10440,50,0,0,0,0.750344828
1,0.7,22.52,10260,63,0,0,0,0.750068049
1,0.7,14.89,10260,50,0,0,0,0.700170388
1,0.65,22.94,10260,34,0,0,0,0.700029771
1,0.6,15.26,6360,23,0,0,0,0.60017284
2,0.8,2.9,2400,0,0,0,0,0.594871795
1,0.8,54.56,4140,29,0,0,0,0.520237649
2,0.65,3.94,2400,0,0,0,0,0.505128205
1,0.5,22.52,10080,23,0,0,0,0.500241342
2,0.7,4.15,2700,0,0,0,0,0.470769231
2,0.6,3.94,6000,0,0,0,0,0.957638889
2,0.75,3.94,8400,0,0,0,0,0.940701058
1,0.75,22.52,10080,81,0,0,0,0.849983766
1,0.7,22.94,10620,60,0,0,0,0.800302791
1,0.8,11.61,6360,63,0,0,0,0.800191989
1,0.75,22.52,10080,55,0,0,0,0.800020563
1,0.7,22.94,12180,63,0,0,0,0.750162367
1,0.7,22.52,10260,63,0,0,0,0.750068049
2,0.7,4.15,9000,0,0,0,0,0.742901235
1,0.7,20.4,10440,40,0,0,0,0.700250784
1,0.7,14.89,10260,50,0,0,0,0.700170388
2,0.75,4.3,9000,0,0,0,0,0.670216049
2,0.7,3.94,15000,0,0,0,0,0.649662222
2,0.7,3.94,15000,0,0,0,0,0.649662222
2,0.8,2.9,4800,0,0,0,0,0.626822917
1,0.6,15.26,6960,23,0,0,0,0.600436426
1,0.6,22.52,10260,23,0,0,0,0.60041361
1,0.8,40.99,10770,30,0,0,0,0.555500132
1,0.5,29.12,10440,30,0,0,0,0.500547544
2,0.7,3.94,12000,0,0,0,0,0.460578704
2,0.8,2.9,4800,0,0,0,0,0.397743056
2,0.6,4.08,5400,0,0,0,0,0.327407407
2,0.7,4.15,2700,0,0,0,0,0.966666667
2,0.75,3.94,1800,0,0,0,0,0.937242424
2,0.8,2.9,1620,0,0,0,0,0.910521886
1,0.75,22.94,10260,94,0,0,0,0.90064806
1,0.75,22.52,10260,94,0,0,0,0.900321106
2,0.75,4.15,1800,0,0,0,0,0.896022727
2,0.75,3.94,1440,0,0,0,0,0.895454545
2,0.65,3.94,2160,0,0,0,0,0.870580808
2,0.7,4.08,1620,0,0,0,0,0.858585859
1,0.7,22.94,10260,75,0,0,0,0.800643806
1,0.75,22.52,10080,69,0,0,0,0.80062987
1,0.8,11.61,5640,63,0,0,0,0.800537143
1,0.75,22.52,10260,69,0,0,0,0.80035194
1,0.75,15.26,6120,40,0,0,0,0.750079323
1,0.75,42.97,10260,56,0,0,0,0.750041201
1,0.7,20.4,10440,50,0,0,0,0.700250784
2,0.75,4.3,2160,0,0,0,0,0.651515152
1,0.65,22.52,10170,26,0,0,0,0.650416734
1,0.6,29.12,6660,23,0,0,0,0.600125217
2,0.75,3.94,1440,0,0,0,0,0.578314394
2,0.7,3.94,1440,0,0,0,0,0.578314394
1,0.35,15.09,9360,23,0,0,0,0.34998951
2,0.6,3.94,1440,0,0,0,0,0.261174242
2,0.7,4.15,3060,0,0,0,0,0.973796791
2,0.75,3.94,1440,0,0,0,0,0.970075758
2,0.7,3.94,1440,0,0,0,0,0.970075758
2,0.75,3.94,1620,0,0,0,0,0.961784512
2,0.75,3.94,3420,0,0,0,0,0.955151515
2,0.75,4.3,2160,0,0,0,0,0.952020202
1,0.75,22.52,10260,94,0,0,0,0.900321106
1,0.75,22.94,10530,81,0,0,0,0.850223776
1,0.7,22.94,10530,75,0,0,0,0.800909609
1,0.75,22.52,10350,55,0,0,0,0.800513307
1,0.8,11.61,5760,63,0,0,0,0.800386364
1,0.75,22.52,10080,69,0,0,0,0.800020563
2,0.65,3.94,2520,0,0,0,0,0.749188312
1,0.7,22.52,10170,40,0,0,0,0.7005417
1,0.7,15.26,6120,40,0,0,0,0.70043672
1,0.7,20.4,10440,50,0,0,0,0.700250784
1,0.65,29.12,10440,26,0,0,0,0.650407524
2,0.7,4.08,1620,0,0,0,0,0.618181818
1,0.75,42.97,10260,40,0,0,0,0.59114168
1,0.5,15.09,720,23,0,0,0,0.500061916
2,0.8,2.9,720,0,0,0,0,0.329545455
2,0.75,3.94,1800,0,0,0,0,1.059621212
2,0.75,3.94,3780,0,0,0,0,0.997792208
2,0.75,4.3,2160,0,0,0,0,0.963699495
2,0.7,4.15,2700,0,0,0,0,0.959191919
2,0.75,3.94,1800,0,0,0,0,0.910378788
2,0.7,3.94,1800,0,0,0,0,0.910378788
1,0.8,22.52,10170,60,0,0,0,0.850312684
1,0.8,11.61,5760,50,0,0,0,0.800386364
1,0.75,22.52,10260,69,0,0,0,0.80035194
1,0.75,22.94,10260,55,0,0,0,0.800034024
1,0.7,22.94,10440,60,0,0,0,0.800023511
1,0.75,22.52,10080,55,0,0,0,0.800020563
2,0.7,4.08,1620,0,0,0,0,0.769292929
1,0.75,20.4,10320,56,0,0,0,0.750031447
1,0.7,29.12,10440,40,0,0,0,0.70061442
1,0.7,15.26,6120,40,0,0,0,0.70043672
2,0.65,3.94,1440,0,0,0,0,0.646306818
1,0.6,15.09,360,23,0,0,0,0.600143365
1,0.35,28.08,10260,23,0,0,0,0.350066986
1,0.75,22.52,6840,119,0,0,0,1.000230409
1,0.75,22.52,6840,119,0,0,0,1.000230409
2,0.8,3.94,1440,0,0,0,0,0.979527778
2,0.8,4.3,1440,0,0,0,0,0.940625
2,0.5,4.15,1440,0,0,0,0,0.926388889
1,0.8,22.52,6720,70,0,0,0,0.900129762
2,0.75,3.94,1440,0,0,0,0,0.861875
1,0.8,22.52,6780,60,0,0,0,0.850312684
2,0.65,3.94,960,0,0,0,0,0.845458333
2,0.7,4.15,1080,0,0,0,0,0.823555556
2,0.5,4.15,960,0,0,0,0,0.803541667
1,0.75,22.94,6960,55,0,0,0,0.800263218
2,0.75,3.94,1200,0,0,0,0,0.788
2,0.75,3.94,1200,0,0,0,0,0.77815
1,0.7,29.12,6960,50,0,0,0,0.700386207
1,0.7,15.26,4080,40,0,0,0,0.700164706
1,0.65,15.09,240,23,0,0,0,0.650307143
1,0.8,30.4,3840,34,0,0,0,0.622828125
2,0.8,2.9,960,0,0,0,0,0.6225
1,0.5,20.79,6960,30,0,0,0,0.500035345
1,0.5,48.18,6480,23,0,0,0,0.37046657
1,0.8,22.52,6840,90,0,0,0,1.000230409
1,0.8,22.52,6840,113,0,0,0,1.000230409
2,0.35,2.9,1800,0,0,0,0,0.977555556
2,0.75,3.94,1200,0,0,0,0,0.9456
2,0.8,3.94,1800,0,0,0,0,0.902222222
1,0.8,22.52,6720,60,0,0,0,0.850532143
1,0.75,22.94,6960,81,0,0,0,0.850362069
2,0.8,3.94,1200,0,0,0,0,0.840533333
1,0.6,20.79,6960,88,0,0,0,0.800534483
1,0.8,22.52,6780,50,0,0,0,0.800489676
2,0.75,4.08,1080,0,0,0,0,0.755555556
1,0.7,29.12,6960,63,0,0,0,0.750593103
1,0.75,15.26,3600,45,0,0,0,0.750283333
2,0.8,4.3,1440,0,0,0,0,0.722638889
2,0.65,4.15,960,0,0,0,0,0.553333333
1,0.5,20.1,5880,46,0,0,0,0.500567308
1,0.7,38.09,6240,0,0,0,0,0.467693269
1,0.35,18.79,1800,23,0,0,0,0.437995338
2,0.6,3.94,960,0,0,0,0,0.406354167
1,0.6,23.54,6600,0,0,0,0,0.285333333
2,0.5,2.9,960,0,0,0,0,0.259375
1,0.8,22.52,6840,113,0,0,0,1.000230409
2,0.8,4.3,1200,0,0,0,0,0.989
1,0.8,22.52,6840,100,0,0,0,0.950185965
1,0.8,22.52,6900,88,0,0,0,0.9008
1,0.8,22.52,6720,88,0,0,0,0.900129762
2,0.5,2.9,1200,0,0,0,0,0.899
2,0.65,4.15,960,0,0,0,0,0.877552083
2,0.6,2.9,960,0,0,0,0,0.864583333
2,0.8,3.94,1200,0,0,0,0,0.85695
2,0.75,3.94,1200,0,0,0,0,0.853666667
1,0.75,22.94,6960,81,0,0,0,0.850362069
1,0.7,29.12,6960,53,0,0,0,0.850170115
1,0.65,20.79,7080,81,0,0,0,0.800473729
2,0.8,3.94,1200,0,0,0,0,0.773333333
1,0.75,15.26,4200,45,0,0,0,0.750646667
2,0.75,4.08,1080,0,0,0,0,0.634666667
1,0.6,20.1,4320,46,0,0,0,0.60059761
1,0.5,18.79,3960,23,0,0,0,0.500117677
2,0.8,3.94,960,0,0,0,0,0.4925
1,0.65,23.54,6600,0,0,0,0,0.48792
1,0.8,22.52,6960,113,0,0,0,1.000457471
1,0.8,22.52,6840,113,0,0,0,1.000230409
2,0.8,3.94,1200,0,0,0,0,0.971866667
2,0.8,3.94,960,0,0,0,0,0.971866667
2,0.8,3.94,1200,0,0,0,0,0.971866667
2,0.8,3.94,1200,0,0,0,0,0.971866667
2,0.75,3.94,1800,0,0,0,0,0.971866667
2,0.75,3.94,240,0,0,0,0,0.971866667
2,0.75,4.08,1080,0,0,0,0,0.971866667
2,0.7,3.94,240,0,0,0,0,0.971866667
2,0.7,3.94,1200,0,0,0,0,0.971866667
2,0.65,3.94,960,0,0,0,0,0.971866667
2,0.65,3.94,600,0,0,0,0,0.971866667
2,0.6,3.94,1200,0,0,0,0,0.971866667
1,0.8,22.52,6720,93,0,0,0,0.920236905
1,0.8,22.52,6660,88,0,0,0,0.900537069
1,0.75,29.12,6840,81,0,0,0,0.850610526
1,0.75,22.94,6960,81,0,0,0,0.850362069
1,0.75,15.26,4200,45,0,0,0,0.750646667
1,0.7,50.89,5880,56,0,0,0,0.656763743
1,0.65,20.1,6480,49,0,0,0,0.650148148
1,0.6,18.79,3960,23,0,0,0,0.600710606
1,0.7,23.54,6720,0,0,0,0,0.388830357
1,0.5,23.54,6480,0,0,0,0,0.286984568
2,0.65,4.15,960,0,0,0,0,1.0115625
1,0.8,22.52,6900,113,0,0,0,1.000671304
1,0.8,22.94,3060,113,0,0,0,1.000402055
2,0.75,3.94,2280,0,0,0,0,0.950438596
1,0.8,22.52,6840,100,0,0,0,0.950185965
2,0.8,3.94,1200,0,0,0,0,0.912766667
2,0.7,3.94,2160,0,0,0,0,0.892194444
2,0.8,3.94,1200,0,0,0,0,0.8865
1,0.8,22.52,6720,75,0,0,0,0.850532143
1,0.8,22.52,7020,60,0,0,0,0.85011396
2,0.8,4.3,1440,0,0,0,0,0.845069444
1,0.75,29.12,6960,45,0,0,0,0.750593103
1,0.75,15.26,1440,45,0,0,0,0.750450658
2,0.75,4.08,1080,0,0,0,0,0.702666667
1,0.7,20.1,6120,75,0,0,0,0.700508929
1,0.65,18.79,3960,26,0,0,0,0.651007071
1,0.6,24.26,6600,0,0,0,0,0.466821212
1,0.7,24.26,6720,0,0,0,0,0.411553571
2,0.6,2.9,1200,0,0,0,0,0.314166667
1,0.8,22.94,7020,113,0,0,0,1.000602279
2,0.75,3.94,960,0,0,0,0,0.994270833
1,0.8,22.52,7020,88,0,0,0,0.900158405
1,0.8,22.52,6840,70,0,0,0,0.90014152
1,0.8,22.52,6720,88,0,0,0,0.900129762
2,0.8,3.94,1200,0,0,0,0,0.85695
2,0.8,4.3,1440,0,0,0,0,0.809236111
1,0.8,15.26,3600,63,0,0,0,0.800401961
1,0.8,22.52,5940,50,0,0,0,0.800393224
1,0.75,29.12,6960,55,0,0,0,0.799963218
2,0.75,4.08,1080,0,0,0,0,0.740444444
1,0.7,20.55,6480,60,0,0,0,0.700398148
1,0.7,18.79,3960,30,0,0,0,0.700354545
2,0.65,4.15,960,0,0,0,0,0.561979167
2,0.75,3.94,2280,0,0,0,0,0.504596491
1,0.5,30.1,6960,0,0,0,0,0.500801724
1,0.7,24.26,6720,0,0,0,0,0.295307738
2,0.6,2.9,1200,0,0,0,0,0.280333333
1,0.65,24.26,6600,0,0,0,0,0.260978788
2,0.8,3.94,2400,0,0,0,0,1.001416667
1,0.8,22.52,6900,113,0,0,0,1.000018551
1,0.8,22.52,6720,90,0,0,0,0.999995238
2,0.8,3.94,1200,0,0,0,0,0.99485
2,0.7,4.15,960,0,0,0,0,0.976979167
1,0.8,22.52,6840,100,0,0,0,0.950185965
1,0.8,22.52,6960,100,0,0,0,0.949981609
2,0.75,3.94,1320,0,0,0,0,0.919954545
1,0.8,22.52,5460,63,0,0,0,0.800434622
1,0.8,15.26,2040,50,0,0,0,0.800259023
2,0.8,4.08,1080,0,0,0,0,0.778222222
1,0.75,29.12,6960,34,0,0,0,0.750593103
1,0.7,25.31,5760,60,0,0,0,0.700513566
1,0.7,18.79,4020,30,0,0,0,0.700184577
1,0.7,24.26,6660,0,0,0,0,0.586465465
1,0.7,24.26,6720,0,0,0,0,0.541517857
2,0.8,4.3,1440,0,0,0,0,0.5375
2,0.7,2.9,960,0,0,0,0,0.495416667
1,0.6,30.1,6960,0,0,0,0,0.415172414
1,0.8,22.52,6900,100,0,0,0,1.05028058
1,0.8,22.52,6840,113,0,0,0,1.000230409
1,0.8,22.52,6720,113,0,0,0,0.999995238
2,0.8,3.94,2160,0,0,0,0,0.966759259
2,0.8,3.94,1200,0,0,0,0,0.929183333
2,0.7,4.15,3000,0,0,0,0,0.915766667
1,0.8,22.52,6900,88,0,0,0,0.900147246
1,0.8,15.26,4080,38,0,0,0,0.800401961
1,0.8,22.52,6960,50,0,0,0,0.799963218
2,0.7,3.94,960,0,0,0,0,0.779791667
2,0.75,3.94,960,0,0,0,0,0.755166667
1,0.7,18.79,3360,30,0,0,0,0.700710417
1,0.7,24.26,6960,0,0,0,0,0.700612069
1,0.7,10.05,6120,60,0,0,0,0.700278846
1,0.7,29.12,6840,0,0,0,0,0.700135088
2,0.8,4.08,1080,0,0,0,0,0.687555556
1,0.65,30.1,5820,0,90,10,0,0.650834808
2,0.7,2.9,960,0,0,0,0,0.531666667
1,0.35,30.1,6060,23,150,15,0,0.350706422
1,0.8,22.52,6780,113,0,0,0,1.000446018
1,0.8,22.52,6900,113,0,0,0,1.000018551
1,0.8,22.52,6720,113,0,0,0,0.999995238
2,0.8,3.94,2640,0,0,0,0,0.999924242
1,0.8,22.52,6840,100,0,0,0,0.950185965
2,0.7,2.9,960,0,0,0,0,0.9425
2,0.8,4.08,1080,0,0,0,0,0.906666667
2,0.7,3.94,1200,0,0,0,0,0.8471
2,0.8,3.94,1440,0,0,0,0,0.845458333
1,0.8,15.26,720,38,0,0,0,0.800612676
1,0.8,29.12,6960,50,0,0,0,0.799963218
2,0.8,3.94,960,0,0,0,0,0.771583333
1,0.75,10.05,2520,34,0,0,0,0.7504
1,0.7,18.79,2760,30,0,0,0,0.700079032
1,0.7,30.1,6960,0,0,0,0,0.562212644
1,0.07,24.26,6960,0,0,0,0,0.522844828
1,0.5,30.1,6360,23,0,0,1,0.500720126
1,0.7,24.26,6840,0,0,0,0,0.496549708
2,0.8,3.94,3000,0,0,0,0,1.050666667
1,0.8,22.52,6900,113,0,0,0,1.000018551
1,0.8,22.52,6840,100,0,0,0,0.950185965
1,0.8,22.52,6780,88,0,0,0,0.900135693
1,0.8,22.52,6720,88,0,0,0,0.900129762
2,0.8,4.08,1080,0,0,0,0,0.899111111
2,0.8,3.94,1200,0,0,0,0,0.870083333
2,0.75,2.9,960,0,0,0,0,0.845833333
1,0.8,15.26,4080,63,0,0,0,0.800401961
1,0.8,29.12,6960,50,0,0,0,0.799963218
2,0.8,3.94,960,0,0,0,0,0.771583333
1,0.75,18.79,1560,34,0,0,0,0.750520115
1,0.75,10.05,3240,45,0,0,0,0.750027778
2,0.7,3.94,1200,0,0,0,0,0.715766667
1,0.7,24.26,6960,0,270,45,0,0.662270115
1,0.6,30.1,6780,30,0,0,1,0.600224189
1,0.7,30.1,7500,0,0,0,0,0.545657673
2,0.8,4.3,960,0,0,0,0,0.447916667
1,0.7,24.26,6840,0,300,37,0,0.365318713
1,0.8,22.52,6900,113,0,0,0,1.000018551
2,0.7,4.15,1440,0,0,0,0,0.928680556
1,0.8,22.52,6720,88,0,0,0,0.9008
1,0.8,22.52,6780,88,0,0,0,0.900135693
1,0.8,22.52,6720,88,0,0,0,0.900129762
2,0.8,3.94,1200,0,0,0,0,0.893066667
2,0.8,4.08,1080,0,0,0,0,0.891555556
2,0.8,3.94,2160,0,0,0,0,0.875555556
2,0.7,4.15,1800,0,0,0,0,0.840888889
1,0.8,15.26,2880,63,0,0,0,0.800355208
1,0.8,29.12,6960,50,0,0,0,0.799963218
1,0.75,18.79,3960,34,0,0,0,0.75065101
1,0.75,10.05,3240,45,0,0,0,0.750027778
1,0.7,30.1,7020,0,0,0,0,0.700618234
2,0.75,2.9,960,0,0,0,0,0.610208333
2,0.8,3.94,960,0,0,0,0,0.607416667
1,0.65,30.1,6780,44,0,0,1,0.568259587
1,0.7,24.26,6960,0,0,0,0,0.355534483
1,0.7,24.26,6840,0,0,0,0,0.353259649
2,0.8,3.94,2160,0,0,0,0,1.057962963
2,0.8,3.94,1200,0,0,0,0,0.962016667
1,0.8,22.52,120,88,0,0,0,0.9008
1,0.8,22.52,3600,70,0,0,0,0.900509044
1,0.8,22.52,360,70,0,0,0,0.900477825
2,0.75,2.9,960,0,0,0,0,0.888125
1,0.8,15.26,4080,63,0,0,0,0.800401961
1,0.8,22.52,5400,50,0,0,0,0.800161172
1,0.8,29.12,6960,50,0,0,0,0.799963218
1,0.7,30.1,3300,50,0,0,1,0.790003236
1,0.75,10.05,0,45,0,0,0,0.750648148
2,0.35,4.15,1800,0,0,0,0,0.707111111
1,0.7,30.1,7020,40,0,0,0,0.700618234
2,0.8,3.94,960,0,0,0,0,0.697708333
1,0.75,18.79,4080,0,0,0,0,0.612517157
1,0.35,30.1,6960,0,0,0,1,0.350301724
1,0.35,30.1,6960,0,0,0,1,0.350301724
2,0.8,4.08,1080,0,0,0,0,0.272
2,0.8,4.08,1080,0,0,0,0,1.004888889
2,0.8,3.94,2160,0,0,0,0,0.966759259
1,0.8,22.52,0,88,0,0,0,0.90063244
1,0.8,22.52,0,88,0,0,0,0.90047076
1,0.8,22.52,0,88,0,0,0,0.90047076
1,0.8,22.52,0,88,0,0,0,0.899984058
2,0.8,3.94,1440,0,0,0,0,0.853666667
1,0.8,29.12,2160,38,0,0,0,0.8008
1,0.8,15.26,4080,50,0,0,0,0.800401961
2,0.7,4.15,1800,0,0,0,0,0.796755556
1,0.75,18.79,2400,0,0,0,0,0.750797009
1,0.8,10.05,3240,34,0,0,0,0.750648148
1,0.75,30.1,7020,45,0,0,0,0.750356125
2,0.35,4.15,960,0,0,0,0,0.703770833
1,0.7,30.1,7020,40,0,0,1,0.700618234
2,0.8,3.94,960,0,0,0,0,0.6895
2,0.75,2.9,960,0,0,0,0,0.628333333
1,0.5,30.1,6960,23,0,0,1,0.500801724
1,0.5,30.1,6960,30,0,0,1,0.393548851
2,0.7,4.15,1800,0,0,0,0,1.033155556
2,0.8,4.08,1080,0,0,0,0,1.02
1,0.8,22.52,0,90,0,0,0,1.000344928
1,0.8,22.52,0,113,0,0,0,1.000065789
2,0.35,4.15,1440,0,0,0,0,0.994375
2,0.8,3.94,2160,0,0,0,0,0.912037037
2,0.7,4.15,240,0,0,0,0,0.87
1,0.8,22.52,0,75,0,0,0,0.850364583
1,0.8,18.79,3480,38,0,0,0,0.800947475
1,0.8,15.26,4080,50,0,0,0,0.800401961
1,0.8,29.12,3240,50,0,0,0,0.800144144
1,0.75,30.1,7380,56,0,0,0,0.750406233
1,0.6,30.1,4560,30,0,0,1,0.714410494
1,0.7,30.1,5940,40,0,0,1,0.700588406
2,0.8,3.94,1440,0,0,0,0,0.618361111
1,0.6,30.1,3360,23,0,0,1,0.600070513
2,0.8,3.94,960,0,0,0,0,0.54175
1,0.8,22.52,6840,0,0,0,1,0.536901754
1,0.35,11.41,3240,0,0,0,1,0.507903226
1,0.8,22.52,0,138,0,0,0,1.100483918
2,0.7,4.15,1800,0,0,0,0,1.096633333
1,0.8,22.52,0,113,0,0,0,1.000344928
2,0.8,4.08,1080,0,0,0,0,0.838666667
1,0.8,15.26,4080,50,0,0,0,0.800401961
2,0.35,4.15,1440,0,0,0,0,0.755486111
1,0.75,30.1,7080,56,0,0,0,0.750799435
1,0.8,18.79,3960,0,0,0,0,0.688017677
2,0.8,3.94,1440,0,0,0,0,0.664875
2,0.8,3.94,960,0,0,0,0,0.656666667
1,0.7,30.1,7080,0,0,0,1,0.637711864
2,0.8,3.94,2160,0,0,0,0,0.601944444
2,0.7,4.15,240,0,0,0,0,0.58
1,0.65,30.1,7080,0,0,0,1,0.535677966
1,0.5,11.41,2280,0,0,0,2,0.50012336
1,0.8,29.12,6960,0,0,0,0,0.497885057
1,0.65,30.1,7080,0,0,0,1,0.463403955
1,0.8,22.52,6000,0,0,0,0,0.441392
1,0.35,30.1,6960,0,0,0,1,0.350301724
1,0.8,22.52,6840,113,0,0,0,1.000230409
2,0.7,4.15,1800,0,0,0,0,0.929277778
2,0.75,4.15,2400,0,0,0,0,0.902916667
2,0.8,4.08,1080,0,0,0,0,0.800888889
1,0.8,15.26,4080,63,0,0,0,0.800401961
1,0.8,22.52,3660,63,0,0,0,0.80037492
2,0.8,3.94,1440,0,0,0,0,0.796208333
1,0.75,30.1,7140,0,0,0,1,0.750392157
1,0.75,30.1,7140,56,0,0,0,0.750392157
2,0.7,4.15,960,0,0,0,0,0.725625
1,0.7,30.1,5160,0,0,0,1,0.700206125
1,0.7,30.1,7200,0,0,0,1,0.602
1,0.6,11.41,2280,23,0,0,2,0.600447507
1,0.8,18.79,4080,0,0,0,0,0.557252451
1,0.5,30.1,6960,30,0,0,1,0.500801724
2,0.8,2.9,960,0,0,0,0,0.483333333
2,0.8,3.94,960,0,0,0,0,0.238041667
2,0.8,3.94,960,0,0,0,0,1.1204375
2,0.8,3.94,960,0,0,0,0,1.108125
1,0.8,22.52,6840,113,0,0,0,1.000230409
2,0.8,4.08,1080,0,0,0,0,0.876444444
1,0.8,15.26,1440,50,0,0,0,0.800806306
2,0.75,4.15,240,0,0,0,0,0.760833333
1,0.8,30.1,7140,0,0,0,0,0.722568627
2,0.6,2.9,1200,0,0,0,0,0.715333333
1,0.7,30.1,7080,0,0,0,1,0.700632768
1,0.7,30.1,5880,40,2,10,1,0.700573099
1,0.75,18.79,4080,0,0,0,0,0.681598039
1,0.65,11.41,2640,23,0,0,2,0.650223718
2,0.7,4.15,960,0,0,0,0,0.605208333
2,0.8,2.9,960,0,0,0,0,0.604166667
1,0.75,30.1,7140,0,0,0,1,0.598627451
1,0.6,30.1,6960,30,0,0,1,0.475718391
1,0.8,22.52,6900,0,0,0,0,0.432122899
2,0.75,4.15,2400,0,0,0,0,0.287041667
1,0.5,18.79,5280,0,0,0,1,0.283054487
1,0.8,22.52,6840,113,0,0,0,1.000230409
2,0.8,3.94,1200,0,0,0,0,0.960433333
2,0.8,4.08,1080,0,0,0,0,0.891555556
2,0.5,4.15,960,0,0,0,0,0.864583333
1,0.65,30.1,600,63,0,0,1,0.802243319
1,0.8,30.1,0,0,0,0,0,0.800980392
1,0.8,15.26,3720,38,0,0,0,0.800312375
2,0.8,2.9,960,0,0,0,0,0.773333333
1,0.75,18.79,3960,0,0,0,0,0.75065101
1,0.75,30.1,7020,0,0,0,1,0.750356125
2,0.75,4.15,1800,0,0,0,0,0.722333333
1,0.7,30.1,600,30,0,0,1,0.700459889
2,0.75,4.15,1200,0,0,0,0,0.629416667
1,0.7,30.1,7080,27,2,10,2,0.621971751
1,0.7,11.41,2160,30,0,0,2,0.565972222
1,0.6,18.22,5280,0,0,0,1,0.35542803
1,0.6,18.79,5400,0,0,0,1,0.329964879
2,0.7,4.15,1800,0,0,0,0,0.258
1,0.8,22.52,6840,113,0,0,0,1.000230409
2,0.8,3.94,960,0,0,0,0,0.927541667
2,0.7,5.13,1200,0,0,0,0,0.91375
2,0.8,5.13,1080,0,0,0,0,0.9025
1,0.8,15.26,4080,38,0,0,0,0.800401961
2,0.5,5.13,1800,0,0,0,0,0.7866
1,0.75,18.79,3360,0,0,0,0,0.750621354
1,0.75,30.1,7020,45,0,0,1,0.750356125
2,0.8,2.9,960,0,0,0,0,0.749166667
1,0.7,30.1,840,30,0,0,1,0.700888203
1,0.7,11.41,3420,30,0,0,2,0.700614035
1,0.7,30.1,6960,50,0,0,1,0.700603448
2,0.75,5.13,960,0,0,0,0,0.656666667
1,0.8,30.1,7140,0,0,0,0,0.653431373
1,0.65,18.79,5520,0,0,0,1,0.650134
1,0.6,29.4,0,23,5,30,2,0.600982906
2,0.8,3.94,960,0,0,0,0,0.586041667
2,0.8,5.13,1800,0,0,0,0,0.5814
1,0.5,30.33,6720,0,0,0,1,0.361071429
1,0.65,18.22,0,0,8,35,1,0.302117347
2,0.8,5.13,1200,0,0,0,0,0.9918
2,0.8,2.9,1440,0,0,0,0,0.936861111
2,0.8,5.13,1440,0,0,0,0,0.919125
1,0.7,11.41,3360,30,0,0,2,0.8211125
1,0.8,30.1,480,50,0,0,1,0.800980392
1,0.8,30.1,0,0,0,0,0,0.800980392
1,0.8,15.26,4080,63,0,0,0,0.800401961
1,0.8,22.52,3960,63,0,0,0,0.800279693
1,0.75,18.79,3960,34,0,0,0,0.75065101
1,0.75,30.1,2280,45,0,0,1,0.75053268
2,0.75,5.13,960,0,0,0,0,0.734645833
1,0.7,30.1,0,40,0,0,1,0.700603448
1,0.7,18.79,4560,30,0,0,1,0.70009573
2,0.7,5.13,960,0,0,0,0,0.671875
2,0.8,3.94,960,0,0,0,0,0.64025
2,0.7,5.13,960,0,0,0,0,0.58
2,0.8,3.94,960,0,0,0,0,0.549791667
1,0.6,30.33,6840,0,0,0,1,0.328131579
1,0.7,19.68,5640,0,8,35,1,0.303574468
2,0.5,5.13,960,0,0,0,0,0.2565
1,0.65,29.4,4560,0,4.5,30,2,0.251399254
2,0.5,5.13,2880,0,0,0,0,0.81640625
1,0.8,15.26,1080,38,0,0,0,0.800711494
1,0.8,22.52,3840,63,0,0,0,0.800470513
1,0.8,30.1,7020,63,0,0,1,0.800094017
1,0.8,30.1,600,63,3.5,15,0,0.799982853
2,0.8,2.9,4320,0,0,0,0,0.785864198
1,0.75,18.79,3960,56,0,0,0,0.75065101
2,0.8,3.94,2400,0,0,0,0,0.733277778
2,0.8,5.13,3600,0,0,0,0,0.710125
1,0.7,30.1,6960,50,0,0,1,0.700603448
1,0.7,11.41,3480,30,0,0,2,0.700540441
1,0.7,29.4,6240,0,0,0,2,0.7
2,0.75,5.13,1920,0,0,0,0,0.684027778
2,0.7,5.13,1920,0,0,0,0,0.672135417
1,0.7,18.79,6120,30,0,0,1,0.638614379
2,0.75,5.13,1920,0,0,0,0,0.631354167
1,0.75,30.1,0,0,5,20,1,0.611140537
2,0.8,5.13,2160,0,0,0,0,0.609583333
1,0.65,30.33,6840,0,0,0,1,0.585315789
1,0.7,19.68,5760,0,0,0,1,0.249416667
2,0.5,5.13,1800,0,0,0,0,0.8721
2,0.8,2.9,960,0,0,0,0,0.8319375
2,0.8,5.13,4800,0,0,0,0,0.8300625
2,0.6,2.9,2880,0,0,0,0,0.805555556
1,0.8,15.26,4080,63,0,0,0,0.800401961
1,0.8,30.1,5820,63,0,0,1,0.80000295
2,0.8,5.13,2400,0,0,0,0,0.78375
2,0.8,3.94,2400,0,0,0,0,0.753525
1,0.75,18.79,3960,45,0,0,0,0.75065101
2,0.8,3.94,2880,0,0,0,0,0.727349537
1,0.7,29.4,6840,40,0,0,2,0.700614035
1,0.7,30.33,6840,0,0,0,1,0.700605263
1,0.75,11.41,3480,0,0,0,2,0.672140805
1,0.7,18.79,3240,30,0,0,1,0.627011183
1,0.7,30.1,8160,33,0,0,2,0.626577778
1,0.7,21.25,6000,0,0,0,1,0.456875
1,0.75,30.1,6960,0,3.5,20,1,0.393548851
2,0.8,3.94,960,0,0,0,0,0.385791667
1,0.8,30.1,5700,0,4.5,25,0,0.307501459
2,0.7,5.13,960,0,0,0,0,0.283958333
2,0.8,3.94,2400,0,0,0,0,0.955791667
2,0.7,5.13,960,0,0,0,0,0.930416667
2,0.8,5.13,1080,0,0,0,0,0.9025
2,0.8,5.13,2160,0,0,0,0,0.87115
1,0.8,15.26,4080,63,0,0,0,0.800401961
1,0.8,30.1,7140,38,0,0,1,0.800137255
1,0.8,30.1,7140,38,0,0,0,0.800137255
1,0.75,30.1,6960,45,0,0,1,0.750770115
1,0.75,18.79,3960,45,0,0,0,0.75065101
1,0.75,11.41,2820,0,0,0,2,0.750293939
1,0.7,30.33,2160,30,0,0,1,0.700623
1,0.7,29.4,6840,40,0,0,2,0.700614035
1,0.7,29.4,6960,30,0,0,2,0.700362069
1,0.7,18.79,6000,40,0,0,1,0.60128
1,0.7,21.25,6000,0,0,0,1,0.417916667
2,0.8,2.9,960,0,0,0,0,0.3715625
2,0.8,2.9,960,0,0,0,0,0.3715625
2,0.8,5.13,960,0,0,0,0,0.36871875
2,0.7,5.13,960,0,0,0,0,0.356458333
2,0.7,2.9,1800,0,0,0,0,0.902222222
2,0.8,4.6,1440,0,0,0,0,0.811388889
1,0.8,15.26,4080,50,0,0,0,0.800401961
1,0.8,30.1,7140,50,0,0,0,0.800137255
1,0.8,30.1,6480,50,0,0,1,0.800071839
2,0.7,4.6,960,0,0,0,0,0.791458333
1,0.75,30.1,5640,45,0,0,1,0.750727326
1,0.75,18.79,3360,45,0,0,0,0.75065101
1,0.75,11.61,3360,34,0,0,2,0.750437269
1,0.75,29.4,5340,45,0,0,2,0.750176991
2,0.75,2.9,1800,0,0,0,0,0.726933333
2,0.7,2.9,1800,0,0,0,0,0.726933333
1,0.7,30.33,1680,30,0,0,1,0.700623
1,0.7,29.4,4560,40,0,0,2,0.700518519
1,0.7,18.79,3000,30,0,0,1,0.700256795
2,0.7,2.9,960,0,0,0,0,0.5046875
1,0.7,21.25,6360,0,0,0,1,0.471108491
2,0.7,3.9,960,0,0,0,0,0.325
1,0.6,22.53,5040,0,0,0,1,0.268214286
1,0.75,18.79,6240,56,0,0,1,0.970816667
2,0.8,4.6,1080,0,0,0,0,0.902962963
2,0.8,4.6,2400,0,0,0,0,0.900833333
2,0.8,4.6,1800,0,0,0,0,0.899555556
2,0.7,2.9,1200,0,0,0,0,0.845833333
1,0.8,30.1,4080,50,0,0,1,0.800808642
1,0.8,15.26,4080,50,0,0,0,0.800401961
1,0.8,30.1,7080,50,0,0,2,0.800115819
1,0.75,18.79,3960,45,0,0,1,0.75065101
1,0.75,11.61,3360,45,0,0,0,0.750503571
1,0.75,29.4,6960,45,0,0,2,0.750206897
1,0.7,29.4,6960,30,0,0,1,0.700362069
1,0.7,30.33,3960,30,0,0,1,0.700069811
1,0.7,21.82,6240,0,0,0,2,0.700058333
2,0.75,4.6,960,0,0,0,0,0.676666667
2,0.7,4.6,960,0,0,0,0,0.658541667
1,0.8,30.1,1200,49,0,0,1,0.598792339
1,0.65,22.53,5040,0,0,0,1,0.581130952
2,0.7,3.9,960,0,0,0,0,0.440375
2,0.75,2.9,960,0,0,0,0,0.410833333
2,0.7,2.9,960,0,0,0,0,0.410833333
2,0.8,4.6,6300,0,0,0,0,0.921703704
2,0.8,4.6,7560,0,0,0,0,0.921604938
1,0.8,30.1,4080,50,0,0,1,0.800808642
1,0.8,11.61,2820,50,0,0,2,0.800516667
1,0.8,15.26,4080,63,0,0,0,0.800401961
2,0.5,3.94,3360,0,0,0,0,0.768847222
1,0.75,18.79,3960,45,0,0,0,0.75065101
1,0.75,29.4,6840,45,0,0,2,0.750473684
1,0.75,18.79,5640,45,0,0,1,0.750371895
1,0.75,29.4,6960,56,0,0,2,0.750206897
1,0.7,21.82,3240,0,0,0,1,0.700251773
1,0.7,30.33,6960,0,0,0,1,0.66237931
2,0.8,4.6,3780,0,0,0,0,0.590617284
2,0.7,3.9,960,0,0,0,0,0.5565625
1,0.8,30.1,7080,32,0,0,2,0.495617514
1,0.35,27.48,6840,38,0,0,1,0.449964912
2,0.7,2.9,3360,0,0,0,0,0.410833333
2,0.75,2.9,960,0,0,0,0,0.4078125
1,0.35,26.66,6600,23,0,0,2,0.378895152
2,0.75,4.6,3360,0,0,0,0,0.376597222
2,0.75,2.9,3360,0,0,0,0,0.271875
2,0.8,4.6,6300,0,0,0,0,0.921703704
2,0.8,4.6,7560,0,0,0,0,0.921604938
1,0.8,11.61,0,50,0,0,2,0.800779018
1,0.8,15.26,1700,62,0,0,0,0.800260821
1,0.8,30.1,840,38,0,0,1,0.799982853
2,0.5,3.94,3360,0,0,0,0,0.768847222
1,0.75,29.4,4440,45,0,0,2,0.750716981
1,0.75,18.79,3960,45,0,0,0,0.75065101
1,0.75,29.4,4560,56,0,0,2,0.750425926
1,0.75,18.79,6240,45,0,0,1,0.750395513
1,0.7,21.82,6120,40,0,0,1,0.700236601
1,0.7,30.33,4560,0,0,0,1,0.700211111
2,0.8,4.6,3780,0,0,0,0,0.590617284
2,0.7,3.9,960,0,0,0,0,0.5565625
1,0.5,27.48,6840,30,0,0,1,0.550403509
1,0.5,26.66,6840,30,0,0,2,0.550349708
1,0.5,26.66,6960,23,0,0,2,0.500258046
2,0.7,2.9,3360,0,0,0,0,0.410833333
2,0.75,2.9,960,0,0,0,0,0.4078125
2,0.75,4.6,3360,0,0,0,0,0.376597222
2,0.75,2.9,3360,0,0,0,0,0.271875
2,0.8,4.6,10500,0,0,0,0,0.936355556
2,0.75,4.6,3360,0,0,0,0,0.813611111
1,0.8,15.26,4080,63,0,0,0,0.800401961
1,0.75,29.4,6240,56,0,0,0,0.75075
1,0.75,18.79,3960,45,0,0,0,0.75065101
1,0.75,29.4,6840,45,0,0,0,0.750473684
1,0.75,18.79,6240,34,0,0,0,0.750395513
1,0.6,27.48,6720,38,0,0,0,0.707446429
1,0.7,21.82,5640,30,0,0,0,0.700236601
1,0.6,26.66,6840,38,0,0,0,0.700019883
1,0.7,30.33,1800,0,0,0,0,0.683550607
1,0.8,11.61,0,50,4,20,0,0.682433036
2,0.6,3.94,960,0,0,0,0,0.673083333
2,0.7,2.9,3360,0,0,0,0,0.664583333
1,0.6,26.66,6840,23,0,0,0,0.600239766
2,0.7,3.9,960,0,0,0,0,0.585
1,0.8,30.1,6960,0,3.5,15,0,0.579511494
2,0.6,3.94,3360,0,0,0,0,0.448722222
2,0.75,2.9,960,0,0,0,0,0.447083333
2,0.8,4.6,3360,0,0,0,0,0.350416667
2,0.7,3.9,1200,0,0,0,0,0.92885
2,0.8,4.6,10080,0,0,0,0,0.86037037
2,0.65,3.94,960,0,0,0,0,0.806879167
1,0.65,26.66,6840,65,0,0,0,0.800579532
1,0.8,15.26,4080,63,0,0,0,0.800401961
2,0.75,2.9,1200,0,0,0,0,0.8004
1,0.8,11.61,0,50,0,0,0,0.800309211
1,0.8,29.4,4680,50,0,0,0,0.800149813
1,0.8,30.1,7080,0,0,0,0,0.800115819
2,0.75,4.6,3360,0,0,0,0,0.773333333
1,0.75,18.79,2880,34,0,0,0,0.750797009
1,0.75,29.4,6840,45,0,0,0,0.750473684
1,0.75,18.79,6240,45,0,0,0,0.750395513
1,0.65,26.66,6780,55,0,0,0,0.750254867
1,0.65,27.48,6720,34,0,0,0,0.700903571
1,0.7,21.82,3600,30,0,0,0,0.70013604
2,0.7,2.9,3360,0,0,0,0,0.632361111
2,0.8,4.6,3780,0,0,0,0,0.607654321
2,0.65,3.94,3360,0,0,0,0,0.537919444
2,0.8,4.6,3360,0,0,0,0,0.342361111
2,0.8,4.6,4200,0,0,0,0,0.999533333
2,0.8,4.6,6300,0,0,0,0,0.902962963
1,0.8,11.41,0,50,0,0,0,0.800701754
1,0.7,26.66,6960,60,0,0,0,0.800566092
1,0.8,15.26,4080,50,0,0,0,0.800401961
1,0.8,29.4,6840,50,0,0,0,0.800333333
1,0.8,30.1,7080,50,0,0,0,0.800115819
1,0.7,26.66,6960,50,0,0,0,0.750770115
1,0.75,29.4,6840,56,0,0,0,0.750473684
1,0.75,18.79,6240,34,0,0,0,0.750395513
1,0.75,20.2,3120,45,0,0,0,0.750212553
2,0.75,4.6,3360,0,0,0,0,0.702777778
1,0.7,27.48,6840,30,0,0,0,0.700659649
1,0.7,21.82,5040,30,0,0,0,0.699984417
2,0.8,4.6,3780,0,0,0,0,0.636049383
2,0.4,3.9,6300,0,0,0,0,0.567377778
2,0.7,3.94,3360,0,0,0,0,0.555430556
2,0.7,3.94,3360,0,0,0,0,0.555430556
2,0.7,2.9,3360,0,0,0,0,0.463194444
2,0.7,4.6,3360,0,0,0,0,0.354444444
2,0.75,2.9,3360,0,0,0,0,0.309333333
1,0.4,15.28,5400,0,6.5,30,1,0.30277037
2,0.8,4.6,1200,0,0,0,0,0.939166667
2,0.8,4.6,960,0,0,0,0,0.930416667
2,0.8,4.6,1080,0,0,0,0,0.885925926
2,0.75,2.9,960,0,0,0,0,0.83375
2,0.7,3.94,960,0,0,0,0,0.806879167
2,0.7,3.94,960,0,0,0,0,0.806058333
1,0.8,11.41,0,38,0,0,0,0.800701754
1,0.8,15.26,4080,50,0,0,0,0.800401961
1,0.8,29.4,6840,63,0,0,0,0.800333333
1,0.8,30.1,3960,50,0,0,0,0.800055762
1,0.7,26.82,6960,60,0,0,0,0.799975862
1,0.7,26.82,6960,50,0,0,0,0.750651724
1,0.75,18.79,6240,34,0,0,0,0.750395513
1,0.7,27.48,6960,40,0,0,0,0.700424138
1,0.7,21.82,5760,30,0,0,0,0.700058333
2,0.8,4.6,8400,0,0,0,0,0.684888889
2,0.7,4.6,960,0,0,0,0,0.592083333
2,0.5,3.9,960,0,0,0,0,0.5403125
1,0.8,29.4,6840,0,0,0,0,0.433263158
1,0.5,15.28,5520,0,0,0,1,0.404144928
1,0.75,18.79,3960,0,0,0,0,0.332146465
2,0.8,4.6,2640,0,0,0,0,0.980984848
2,0.6,3.9,960,0,0,0,0,0.950625
2,0.8,2.9,1200,0,0,0,0,0.927291667
2,0.8,4.6,1080,0,0,0,0,0.868888889
2,0.7,3.94,960,0,0,0,0,0.812625
2,0.7,3.94,960,0,0,0,0,0.812625
2,0.8,4.6,1800,0,0,0,0,0.810111111
1,0.8,11.41,3420,50,0,0,0,0.800701754
1,0.8,29.4,1800,63,0,0,0,0.800534979
1,0.8,15.26,4080,50,0,0,0,0.800401961
1,0.7,26.82,6960,50,0,0,0,0.750651724
1,0.75,18.79,6240,45,0,0,0,0.750395513
1,0.7,26.82,7080,50,0,0,0,0.750050847
1,0.7,27.48,6960,40,0,0,0,0.700424138
1,0.7,21.82,6000,30,0,0,0,0.700422
1,0.6,15.28,1320,0,0,0,1,0.600099145
2,0.75,2.9,960,0,0,0,0,0.453125
1,0.8,30.1,1200,0,4,40,0,0.366053523
1,0.35,22.53,2640,0,0,0,1,0.26369382
2,0.8,4.6,1080,0,0,0,0,0.868888889
1,0.8,15.26,4080,75,0,0,0,0.850520588
1,0.7,26.82,8160,70,0,0,0,0.850045
2,0.8,4.6,6000,0,0,0,0,0.825444444
2,0.35,3.94,2400,0,0,0,0,0.80575
1,0.7,26.82,6960,60,0,0,0,0.800746552
1,0.8,29.4,6840,63,0,0,1,0.800578947
1,0.8,11.41,3420,50,0,0,0,0.800034503
2,0.5,2.9,960,0,0,0,0,0.7975
1,0.75,18.79,3480,45,0,0,0,0.749987124
1,0.7,21.82,6000,30,0,0,0,0.700422
2,0.7,3.94,960,0,0,0,0,0.664875
2,0.7,3.94,960,0,0,0,0,0.664875
2,0.8,2.9,960,0,0,0,0,0.657083333
1,0.65,16.1,4200,0,0,0,1,0.65024031
2,0.8,4.6,3600,0,0,0,0,0.590740741
2,0.65,3.9,1920,0,0,0,0,0.528125
1,0.5,23.41,2280,0,0,0,1,0.500528095
1,0.7,27.48,6960,24,0,0,1,0.408960345
2,0.8,4.6,1440,0,0,0,0,0.951944444
2,0.8,4.6,1080,0,0,0,0,0.945555556
2,0.75,2.9,1080,0,0,0,0,0.929074074
2,0.75,3.94,960,0,0,0,0,0.890604167
2,0.75,3.94,960,0,0,0,0,0.890604167
2,0.7,3.9,1200,0,0,0,0,0.884
2,0.5,3.94,960,0,0,0,0,0.857916667
1,0.75,26.82,6840,65,0,0,0,0.850084211
1,0.75,26.82,6960,65,0,0,0,0.85007069
1,0.8,30.1,3360,50,0,0,1,0.800511068
1,0.8,15.26,4080,63,0,0,0,0.800401961
1,0.8,11.41,3420,50,0,0,0,0.800034503
2,0.8,2.9,960,0,0,0,0,0.755208333
1,0.75,18.79,5640,45,0,0,0,0.750371895
1,0.7,21.82,6000,30,0,0,0,0.700422
1,0.7,16.1,4800,30,0,0,1,0.700106061
1,0.6,23.41,2520,23,0,0,1,0.601037091
1,0.6,30.48,6720,0,0,0,1,0.600528571
1,0.5,26.82,7080,23,0,0,1,0.500033898
2,0.6,3.9,960,0,0,0,0,0.4509375
2,0.7,2.9,960,0,0,0,0,0.441041667
2,0.6,2.9,960,0,0,0,0,0.271875
2,0.8,2.9,0,960,0,0,0,0.960625
2,0.8,4.6,0,1080,0,0,0,0.902962963
2,0.6,3.94,0,2880,0,0,0,0.864342593
1,0.75,26.82,7020,65,0,0,0,0.850446154
1,0.75,26.82,7140,65,0,0,0,0.850426891
2,0.75,2.9,0,3600,0,0,0,0.841
1,0.8,30.1,5160,50,0,0,1,0.800842424
1,0.8,15.26,4080,63,0,0,0,0.800401961
1,0.8,11.41,3420,50,0,0,0,0.800034503
2,0.8,4.6,0,1440,0,0,0,0.795416667
2,0.75,3.94,0,960,0,0,0,0.7953875
2,0.75,3.94,0,960,0,0,0,0.794566667
1,0.75,18.79,6240,45,0,0,0,0.750395513
1,0.7,16.1,5520,30,0,0,1,0.700516224
1,0.7,21.82,6000,30,0,0,0,0.700422
2,0.7,3.9,0,1200,0,0,0,0.6825
1,0.65,23.41,4560,35,0,0,1,0.650962281
1,0.65,30.48,6720,26,0,0,1,0.650421429
1,0.6,26.82,7080,23,0,0,1,0.600040678
1,0.5,30.48,6600,0,0,0,1,0.500610909
2,0.7,2.9,0,960,0,0,0,0.477291667
2,0.65,3.9,0,960,0,0,0,0.2640625
2,0.8,4.6,1080,0,0,0,0,0.92
2,0.6,3.94,1440,0,0,0,0,0.909391667
1,0.75,26.82,7080,75,0,0,0,0.900061017
2,0.8,4.6,1440,0,0,0,0,0.894444444
2,0.75,3.94,960,0,0,0,0,0.881575
2,0.75,3.94,960,0,0,0,0,0.880754167
1,0.75,26.82,5880,65,0,0,0,0.850084211
2,0.75,2.9,1800,0,0,0,0,0.821666667
1,0.8,15.26,4080,63,0,0,0,0.800401961
1,0.8,30.1,6960,63,0,0,1,0.800071839
1,0.8,11.41,3420,50,0,0,0,0.800034503
2,0.8,2.9,960,0,0,0,0,0.758229167
1,0.75,21.82,6000,34,0,0,0,0.750608
1,0.75,18.79,6240,45,0,0,0,0.750395513
2,0.7,3.9,960,0,0,0,0,0.741
1,0.7,30.48,6840,30,0,0,1,0.700505263
1,0.7,23.41,4560,30,0,0,1,0.700246491
1,0.7,16.1,5400,40,0,0,1,0.700051852
1,0.65,26.82,7080,26,0,0,1,0.650044068
1,0.6,30.48,6840,25,0,0,1,0.630402924
2,0.65,3.9,960,0,0,0,0,0.560625
2,0.5,3.9,960,0,0,0,0,0.560625
2,0.7,2.9,960,0,0,0,0,0.39875
2,0.8,4.6,2160,0,0,0,0,0.922839506
2,0.8,2.9,2400,0,0,0,0,0.874027778
2,0.75,3.9,1920,0,0,0,0,0.819270833
2,0.75,3.94,1920,0,0,0,0,0.813309028
2,0.75,3.94,1920,0,0,0,0,0.812625
1,0.8,15.26,4080,63,0,0,0,0.800401961
1,0.8,30.1,6960,63,0,0,1,0.800071839
1,0.8,11.41,3420,50,0,0,0,0.800034503
2,0.8,4.6,1920,0,0,0,0,0.786631944
2,0.7,3.94,1440,0,0,0,0,0.75885
1,0.75,21.82,6000,34,0,0,0,0.750608
1,0.75,18.79,5040,45,0,0,0,0.750347333
1,0.75,16.1,5400,45,0,0,1,0.750140741
1,0.75,26.82,7080,45,0,0,0,0.750050847
1,0.75,26.82,7080,45,0,0,0,0.750050847
1,0.7,26.82,6960,30,0,0,1,0.700556897
1,0.7,30.48,6840,30,0,0,1,0.700505263
1,0.7,23.41,4560,40,0,0,1,0.700246491
1,0.65,30.48,6840,26,0,0,1,0.650596491
2,0.75,2.9,960,0,0,0,0,0.628333333
2,0.7,3.9,960,0,0,0,0,0.625625
2,0.65,3.9,960,0,0,0,0,0.625625
2,0.75,2.9,1800,0,0,0,0,0.505888889
2,0.7,2.9,720,0,0,0,0,0.394722222
