wip,over_time,incentive,idle_time,idle_men,actual_productivity
1108,7080,98,0,0,0.940725424
,960,0,0,0,0.8865
968,3660,50,0,0,0.800570492
968,3660,50,0,0,0.800570492
1170,1920,50,0,0,0.800381944
984,6720,38,0,0,0.800125
,960,0,0,0,0.755166667
795,6900,45,0,0,0.753683478
733,6000,34,0,0,0.753097531
681,6900,45,0,0,0.750427826
872,6900,44,0,0,0.721126957
578,6480,45,0,0,0.712205247
668,3660,50,0,0,0.707045902
,960,0,0,0,0.705916667
,960,0,0,0,0.676666667
,2160,0,0,0,0.593055556
,960,0,0,0,0.540729167
861,7200,0,0,0,0.52118
,1440,0,0,0,0.436326389
,6600,0,0,0,0.988024691
,5640,0,0,0,0.987880435
,960,0,0,0,0.956270833
,1560,0,0,0,0.945277778
,960,0,0,0,0.902916667
772,6300,50,0,0,0.800725314
913,6540,50,0,0,0.800322936
1261,7080,50,0,0,0.800318644
844,7080,63,0,0,0.800318644
1005,7080,50,0,0,0.800237288
659,7080,50,0,0,0.800148649
1152,6720,50,0,0,0.800125
1138,6720,38,0,0,0.800125
610,6480,56,0,0,0.787299691
,960,0,0,0,0.782447917
944,6600,45,0,0,0.75024303
,960,0,0,0,0.7018125
544,13800,0,0,0,0.700134038
1072,6900,40,0,0,0.699965217
,960,0,0,0,0.628333333
,960,0,0,0,0.6253125
,1560,0,0,0,0.991388889
,960,0,0,0,0.931645833
,960,0,0,0,0.915229167
539,6975,50,0,0,0.879714482
,6600,0,0,0,0.861679012
1278,7080,60,0,0,0.850569492
1227,7020,60,0,0,0.850436438
1039,6780,45,0,0,0.850345133
878,4260,50,0,0,0.800598058
1033,7080,63,0,0,0.800318644
782,6660,50,0,0,0.800237838
1216,6975,50,0,0,0.800030199
,960,0,0,0,0.792104167
,4320,0,0,0,0.759228395
513,6480,45,0,0,0.750348457
734,6600,45,0,0,0.75024303
1202,6900,40,0,0,0.699965217
,960,0,0,0,0.682708333
,960,0,0,0,0.667604167
884,6960,26,0,0,0.603432184
,960,0,0,0,0.345833333
,1920,0,0,0,0.961059028
,2400,0,0,0,0.939513889
,3840,0,0,0,0.893663194
,1920,0,0,0,0.875390625
1227,7080,75,0,0,0.850569492
,1920,0,0,0,0.820833333
,960,0,0,0,0.804416667
1255,6780,50,0,0,0.800684366
1047,6780,38,0,0,0.800684366
1138,7080,63,0,0,0.800318644
678,4800,50,0,0,0.800250962
712,7200,50,0,0,0.800246011
1037,7200,50,0,0,0.800246011
757,6900,50,0,0,0.800076522
759,6900,50,0,0,0.800076522
,960,0,0,0,0.763375
,960,0,0,0,0.759270833
1083,7020,45,0,0,0.7504
944,6600,45,0,0,0.75024303
,960,0,0,0,0.676666667
,960,0,0,0,0.664583333
666,6960,23,0,0,0.600028736
,4440,0,0,0,0.966781346
,1440,0,0,0,0.936496212
,1800,0,0,0,0.899166667
,2700,0,0,0,0.888686869
,1440,0,0,0,0.858143939
1187,10620,75,0,0,0.850502311
1305,10620,75,0,0,0.850502311
,1440,0,0,0,0.809640152
,1440,0,0,0,0.805909091
716,10350,50,0,0,0.800594466
925,10350,50,0,0,0.800594466
963,9900,50,0,0,0.800273829
1101,5310,50,0,0,0.800140969
1035,10170,38,0,0,0.800128721
1083,10170,38,0,0,0.800128721
910,4470,38,0,0,0.80007657
1209,10530,45,0,0,0.750545455
590,9900,45,0,0,0.750057851
,1440,0,0,0,0.681060606
808,10440,35,0,0,0.649983281
,1440,0,0,0,0.61625
,1440,0,0,0,0.951420455
,1440,0,0,0,0.880530303
1179,10620,75,0,0,0.850502311
1324,10620,75,0,0,0.850502311
1135,10170,60,0,0,0.850136766
,2700,0,0,0,0.83
,4440,0,0,0,0.827186544
,1440,0,0,0,0.813371212
,1440,0,0,0,0.805909091
,1440,0,0,0,0.804640152
776,10350,63,0,0,0.800594466
990,10350,50,0,0,0.800594466
986,5490,50,0,0,0.800343766
924,9900,50,0,0,0.800273829
1120,5670,50,0,0,0.800246753
1066,10170,50,0,0,0.800128721
1144,10530,69,0,0,0.8
413,9720,40,0,0,0.700480831
,1440,0,0,0,0.681060606
,1800,0,0,0,0.666515152
568,9900,40,0,0,0.412119835
,1440,0,0,0,0.330113636
,1440,0,0,0,0.947689394
,12600,0,0,0,0.919905405
1216,10620,88,0,0,0.900215716
,1440,0,0,0,0.891723485
1189,10620,75,0,0,0.850502311
942,10530,75,0,0,0.850181818
1050,10170,60,0,0,0.850136766
1026,10170,60,0,0,0.850136766
,1440,0,0,0,0.835757576
,3840,0,0,0,0.821354167
783,10050,63,0,0,0.800497246
857,9900,50,0,0,0.800273829
548,15120,63,0,0,0.800107143
411,14640,50,0,0,0.800024932
1066,10530,69,0,0,0.8
,1440,0,0,0,0.779791667
,1440,0,0,0,0.735984848
,2160,0,0,0,0.712626263
,1440,0,0,0,0.681060606
,900,0,0,0,0.515606061
287,25920,38,0,0,0.349951389
724,10260,0,0,0,0.233705476
,2160,0,0,0,0.985
,2760,0,0,0,0.930340376
,6000,0,0,0,0.911589744
,1440,0,0,0,0.858143939
1122,10620,75,0,0,0.851174114
970,10170,60,0,0,0.850136766
1158,10170,60,0,0,0.850136766
,1440,0,0,0,0.846950758
,1440,0,0,0,0.817424242
,1440,0,0,0,0.817102273
660,10440,63,0,0,0.801028213
749,10350,63,0,0,0.800594466
893,4710,50,0,0,0.800346445
887,5490,50,0,0,0.800343766
1335,10620,63,0,0,0.800117103
1082,10530,63,0,0,0.8
1075,7080,45,0,0,0.750098351
749,9540,38,0,0,0.673245283
,1440,0,0,0,0.670075758
,1440,0,0,0,0.628882576
966,7680,0,0,0,0.388007813
,1440,0,0,0,0.337973485
,1440,0,0,0,0.93532197
,3600,0,0,0,0.925643939
1095,10620,88,0,0,0.900215716
,1440,0,0,0,0.873068182
,1440,0,0,0,0.858143939
1383,10620,75,0,0,0.850502311
1012,10170,45,0,0,0.850136766
1209,10170,60,0,0,0.850136766
,1440,0,0,0,0.828295455
,1440,0,0,0,0.820833333
887,5490,50,0,0,0.800343766
896,5670,50,0,0,0.800246753
805,10530,63,0,0,0.8
762,10530,38,0,0,0.8
1043,6420,0,0,0,0.690182815
,1440,0,0,0,0.668087121
,1440,0,0,0,0.653598485
,1440,0,0,0,0.609138258
831,9540,30,0,0,0.600229846
,1440,0,0,0,0.597348485
,1440,0,0,0,0.590435606
562,10440,0,0,0,0.473134796
1208,7980,0,0,0,0.452979626
,1440,0,0,0,0.955151515
,3240,0,0,0,0.942213805
,1800,0,0,0,0.905454545
,1440,0,0,0,0.880530303
,1440,0,0,0,0.858143939
1099,8220,75,0,0,0.850522167
1093,10620,75,0,0,0.850502311
1031,10170,60,0,0,0.850136766
1233,10170,60,0,0,0.850136766
,1440,0,0,0,0.817424242
,1440,0,0,0,0.809564394
941,9900,0,0,0,0.800273829
843,5670,50,0,0,0.800181818
760,4470,50,0,0,0.80007657
737,10530,63,0,0,0.8
,1440,0,0,0,0.725
381,6930,45,0,0,0.688557555
1141,8460,0,0,0,0.650040783
1004,9540,44,0,0,0.64998056
,1440,0,0,0,0.648106061
,1440,0,0,0,0.640577652
581,7350,0,0,0,0.35063299
,1440,0,0,0,0.24625
,2160,0,0,0,0.952020202
,1440,0,0,0,0.951420455
,5400,0,0,0,0.912766667
,1620,0,0,0,0.901262626
,1440,0,0,0,0.858143939
1073,10620,75,0,0,0.850502311
1156,10620,75,0,0,0.850502311
1211,10260,60,0,0,0.850252525
1126,10170,60,0,0,0.850136766
,1440,0,0,0,0.821354167
,1440,0,0,0,0.805909091
1004,5670,50,0,0,0.800246753
1063,5670,50,0,0,0.800246753
723,10530,50,0,0,0.8
465,9900,54,0,0,0.705576584
,1440,0,0,0,0.681060606
,1440,0,0,0,0.670075758
,1440,0,0,0,0.601278409
530,9540,37,0,0,0.582301029
1297,10440,0,0,0,0.526810345
783,10170,23,0,0,0.500380799
715,10170,23,0,0,0.35020649
,1980,0,0,0,0.934607438
,2700,0,0,0,0.908080808
1150,10170,70,0,0,0.900144811
,1440,0,0,0,0.891723485
,1440,0,0,0,0.864583333
,1440,0,0,0,0.858143939
1232,10620,75,0,0,0.850502311
1218,10170,60,0,0,0.850136766
,1440,0,0,0,0.837594697
,1440,0,0,0,0.820833333
1159,2970,50,0,0,0.800313433
972,5670,38,0,0,0.800246753
1092,10620,63,0,0,0.800117103
965,7320,0,0,0,0.700095563
,1440,0,0,0,0.667329545
816,5100,23,0,0,0.600369686
947,3390,23,0,0,0.499980334
838,7200,23,0,0,0.35003125
,1260,0,0,0,0.332359307
1086,4260,27,0,0,0.311207464
,1260,0,0,0,0.247316017
,3600,0,0,0,0.988636364
,3420,0,0,0,0.953110048
,1440,0,0,0,0.884261364
,1440,0,0,0,0.860653409
,1440,0,0,0,0.858143939
1160,10620,75,0,0,0.850502311
1177,8970,60,0,0,0.850415628
1281,10170,60,0,0,0.850136766
1369,10620,63,0,0,0.800117103
1084,4950,38,0,0,0.80003139
1216,4950,50,0,0,0.80003139
391,10440,0,0,0,0.700060345
,1440,0,0,0,0.689299242
1102,10170,30,0,0,0.660683293
872,10080,26,0,0,0.650130952
,1440,0,0,0,0.606912879
1076,10170,23,0,0,0.600291767
917,9900,30,0,0,0.500025069
1044,9810,23,0,0,0.499998888
,2700,0,0,0,0.98719697
,1800,0,0,0,0.980909091
,1440,0,0,0,0.974621212
,1440,0,0,0,0.884261364
,1800,0,0,0,0.82680303
1067,5490,63,0,0,0.800343766
1039,5670,63,0,0,0.800246753
1396,10170,50,0,0,0.800128721
1292,10170,50,0,0,0.800128721
171,10620,63,0,0,0.800117103
1128,10620,63,0,0,0.800117103
865,6570,23,0,0,0.77011398
825,10170,50,0,0,0.7005417
,1440,0,0,0,0.675568182
,1440,0,0,0,0.661837121
1163,9720,35,0,0,0.650198653
1140,10170,30,0,0,0.600291767
1027,10080,38,0,0,0.600273268
,900,0,0,0,0.465757576
1052,10440,21,0,0,0.452012539
,1260,0,0,0,0.313852814
,1440,0,0,0,0.852793561
,2160,0,0,0,0.838383838
,1800,0,0,0,0.804848485
1140,5490,63,0,0,0.800343766
624,10170,50,0,0,0.800128721
1288,10170,38,0,0,0.800128721
1381,3660,50,0,0,0.800015009
882,10170,50,0,0,0.7005417
1002,10080,40,0,0,0.700094156
,1440,0,0,0,0.692045455
585,5670,56,0,0,0.662255892
1138,10170,35,0,0,0.650416734
1140,10260,44,0,0,0.650299575
1025,10170,26,0,0,0.650243497
,1440,0,0,0,0.639867424
1031,10440,30,0,0,0.600062696
,1800,0,0,0,0.582045455
1381,10350,24,0,0,0.403242161
,1440,0,0,0,0.235795455
,5040,0,0,0,0.977272727
,1800,0,0,0,0.964106061
,1440,0,0,0,0.958901515
1028,4380,50,0,0,0.800358775
1380,3630,50,0,0,0.800162602
1196,10620,63,0,0,0.800117103
,1440,0,0,0,0.793844697
1006,10170,38,0,0,0.750517565
930,10260,63,0,0,0.750068049
1095,10170,50,0,0,0.750062751
938,10080,63,0,0,0.750057359
1484,10260,50,0,0,0.700170388
,1440,0,0,0,0.683806818
1255,8280,35,0,0,0.650066445
1040,10260,30,0,0,0.576460393
1492,10170,30,0,0,0.549969429
,1440,0,0,0,0.538399621
,1440,0,0,0,0.409545455
1111,6120,23,0,0,0.35021836
,1440,0,0,0,1.033570076
1047,5580,63,0,0,0.800261486
1434,10170,50,0,0,0.800128721
399,10620,63,0,0,0.800117103
983,10260,63,0,0,0.750068049
1108,10080,63,0,0,0.750057359
1134,8460,50,0,0,0.750037968
1363,10260,50,0,0,0.750031898
,1800,0,0,0,0.72830303
1501,10260,50,0,0,0.700170388
1352,10260,50,0,0,0.700063796
,1440,0,0,0,0.639867424
1352,3720,23,0,0,0.500290419
1450,10080,30,0,0,0.400332792
,2700,0,0,0,0.362666667
,6000,0,0,0,0.978525641
,5100,0,0,0,0.912202112
825,10080,94,0,0,0.900556277
916,5760,75,0,0,0.850410511
,2400,0,0,0,0.827147436
562,7470,38,0,0,0.800436542
1422,10500,60,0,0,0.800415742
1206,10080,75,0,0,0.800020563
,2400,0,0,0,0.758173077
1404,10440,50,0,0,0.750344828
1139,10260,63,0,0,0.750068049
1735,10260,50,0,0,0.700170388
1595,10260,34,0,0,0.700029771
1245,6360,23,0,0,0.60017284
,2400,0,0,0,0.594871795
757,4140,29,0,0,0.520237649
,2400,0,0,0,0.505128205
1720,10080,23,0,0,0.500241342
,2700,0,0,0,0.470769231
,6000,0,0,0,0.957638889
,8400,0,0,0,0.940701058
759,10080,81,0,0,0.849983766
1510,10620,60,0,0,0.800302791
955,6360,63,0,0,0.800191989
1328,10080,55,0,0,0.800020563
1384,12180,63,0,0,0.750162367
1244,10260,63,0,0,0.750068049
,9000,0,0,0,0.742901235
1480,10440,40,0,0,0.700250784
1863,10260,50,0,0,0.700170388
,9000,0,0,0,0.670216049
,15000,0,0,0,0.649662222
,15000,0,0,0,0.649662222
,4800,0,0,0,0.626822917
1492,6960,23,0,0,0.600436426
1859,10260,23,0,0,0.60041361
980,10770,30,0,0,0.555500132
970,10440,30,0,0,0.500547544
,12000,0,0,0,0.460578704
,4800,0,0,0,0.397743056
,5400,0,0,0,0.327407407
,2700,0,0,0,0.966666667
,1800,0,0,0,0.937242424
,1620,0,0,0,0.910521886
1606,10260,94,0,0,0.90064806
727,10260,94,0,0,0.900321106
,1800,0,0,0,0.896022727
,1440,0,0,0,0.895454545
,2160,0,0,0,0.870580808
,1620,0,0,0,0.858585859
1472,10260,75,0,0,0.800643806
1332,10080,69,0,0,0.80062987
1009,5640,63,0,0,0.800537143
1266,10260,69,0,0,0.80035194
1316,6120,40,0,0,0.750079323
1282,10260,56,0,0,0.750041201
1382,10440,50,0,0,0.700250784
,2160,0,0,0,0.651515152
1295,10170,26,0,0,0.650416734
925,6660,23,0,0,0.600125217
,1440,0,0,0,0.578314394
,1440,0,0,0,0.578314394
1448,9360,23,0,0,0.34998951
,1440,0,0,0,0.261174242
,3060,0,0,0,0.973796791
,1440,0,0,0,0.970075758
,1440,0,0,0,0.970075758
,1620,0,0,0,0.961784512
,3420,0,0,0,0.955151515
,2160,0,0,0,0.952020202
867,10260,94,0,0,0.900321106
1636,10530,81,0,0,0.850223776
1682,10530,75,0,0,0.800909609
1495,10350,55,0,0,0.800513307
1181,5760,63,0,0,0.800386364
1413,10080,69,0,0,0.800020563
,2520,0,0,0,0.749188312
360,10170,40,0,0,0.7005417
1296,6120,40,0,0,0.70043672
1217,10440,50,0,0,0.700250784
1086,10440,26,0,0,0.650407524
,1620,0,0,0,0.618181818
532,10260,40,0,0,0.59114168
1557,720,23,0,0,0.500061916
,720,0,0,0,0.329545455
,1800,0,0,0,1.059621212
,3780,0,0,0,0.997792208
,2160,0,0,0,0.963699495
,2700,0,0,0,0.959191919
,1800,0,0,0,0.910378788
,1800,0,0,0,0.910378788
1016,10170,60,0,0,0.850312684
1072,5760,50,0,0,0.800386364
1584,10260,69,0,0,0.80035194
1764,10260,55,0,0,0.800034024
1745,10440,60,0,0,0.800023511
1250,10080,55,0,0,0.800020563
,1620,0,0,0,0.769292929
1118,10320,56,0,0,0.750031447
1143,10440,40,0,0,0.70061442
1337,6120,40,0,0,0.70043672
,1440,0,0,0,0.646306818
1519,360,23,0,0,0.600143365
749,10260,23,0,0,0.350066986
1635,6840,119,0,0,1.000230409
1299,6840,119,0,0,1.000230409
,1440,0,0,0,0.979527778
,1440,0,0,0,0.940625
,1440,0,0,0,0.926388889
1134,6720,70,0,0,0.900129762
,1440,0,0,0,0.861875
1106,6780,60,0,0,0.850312684
,960,0,0,0,0.845458333
,1080,0,0,0,0.823555556
,960,0,0,0,0.803541667
1871,6960,55,0,0,0.800263218
,1200,0,0,0,0.788
,1200,0,0,0,0.77815
1294,6960,50,0,0,0.700386207
1462,4080,40,0,0,0.700164706
976,240,23,0,0,0.650307143
338,3840,34,0,0,0.622828125
,960,0,0,0,0.6225
1455,6960,30,0,0,0.500035345
1282,6480,23,0,0,0.37046657
1559,6840,90,0,0,1.000230409
1350,6840,113,0,0,1.000230409
,1800,0,0,0,0.977555556
,1200,0,0,0,0.9456
,1800,0,0,0,0.902222222
1175,6720,60,0,0,0.850532143
1868,6960,81,0,0,0.850362069
,1200,0,0,0,0.840533333
1045,6960,88,0,0,0.800534483
1342,6780,50,0,0,0.800489676
,1080,0,0,0,0.755555556
1340,6960,63,0,0,0.750593103
1429,3600,45,0,0,0.750283333
,1440,0,0,0,0.722638889
,960,0,0,0,0.553333333
1413,5880,46,0,0,0.500567308
336,6240,0,0,0,0.467693269
511,1800,23,0,0,0.437995338
,960,0,0,0,0.406354167
958,6600,0,0,0,0.285333333
,960,0,0,0,0.259375
1416,6840,113,0,0,1.000230409
,1200,0,0,0,0.989
1287,6840,100,0,0,0.950185965
1444,6900,88,0,0,0.9008
1088,6720,88,0,0,0.900129762
,1200,0,0,0,0.899
,960,0,0,0,0.877552083
,960,0,0,0,0.864583333
,1200,0,0,0,0.85695
,1200,0,0,0,0.853666667
1579,6960,81,0,0,0.850362069
1170,6960,53,0,0,0.850170115
1015,7080,81,0,0,0.800473729
,1200,0,0,0,0.773333333
1436,4200,45,0,0,0.750646667
,1080,0,0,0,0.634666667
1601,4320,46,0,0,0.60059761
717,3960,23,0,0,0.500117677
,960,0,0,0,0.4925
830,6600,0,0,0,0.48792
1136,6960,113,0,0,1.000457471
1397,6840,113,0,0,1.000230409
,1200,0,0,0,0.971866667
,960,0,0,0,0.971866667
,1200,0,0,0,0.971866667
,1200,0,0,0,0.971866667
,1800,0,0,0,0.971866667
,240,0,0,0,0.971866667
,1080,0,0,0,0.971866667
,240,0,0,0,0.971866667
,1200,0,0,0,0.971866667
,960,0,0,0,0.971866667
,600,0,0,0,0.971866667
,1200,0,0,0,0.971866667
1116,6720,93,0,0,0.920236905
1432,6660,88,0,0,0.900537069
1082,6840,81,0,0,0.850610526
1502,6960,81,0,0,0.850362069
1209,4200,45,0,0,0.750646667
282,5880,56,0,0,0.656763743
1417,6480,49,0,0,0.650148148
799,3960,23,0,0,0.600710606
1109,6720,0,0,0,0.388830357
1144,6480,0,0,0,0.286984568
,960,0,0,0,1.0115625
1396,6900,113,0,0,1.000671304
1582,3060,113,0,0,1.000402055
,2280,0,0,0,0.950438596
1124,6840,100,0,0,0.950185965
,1200,0,0,0,0.912766667
,2160,0,0,0,0.892194444
,1200,0,0,0,0.8865
1282,6720,75,0,0,0.850532143
1472,7020,60,0,0,0.85011396
,1440,0,0,0,0.845069444
1282,6960,45,0,0,0.750593103
1276,1440,45,0,0,0.750450658
,1080,0,0,0,0.702666667
1192,6120,75,0,0,0.700508929
881,3960,26,0,0,0.651007071
1196,6600,0,0,0,0.466821212
1400,6720,0,0,0,0.411553571
,1200,0,0,0,0.314166667
16882,7020,113,0,0,1.000602279
,960,0,0,0,0.994270833
21385,7020,88,0,0,0.900158405
21266,6840,70,0,0,0.90014152
21540,6720,88,0,0,0.900129762
,1200,0,0,0,0.85695
,1440,0,0,0,0.809236111
12261,3600,63,0,0,0.800401961
23122,5940,50,0,0,0.800393224
8992,6960,55,0,0,0.799963218
,1080,0,0,0,0.740444444
9792,6480,60,0,0,0.700398148
2984,3960,30,0,0,0.700354545
,960,0,0,0,0.561979167
,2280,0,0,0,0.504596491
839,6960,0,0,0,0.500801724
2698,6720,0,0,0,0.295307738
,1200,0,0,0,0.280333333
1435,6600,0,0,0,0.260978788
,2400,0,0,0,1.001416667
1500,6900,113,0,0,1.000018551
1188,6720,90,0,0,0.999995238
,1200,0,0,0,0.99485
,960,0,0,0,0.976979167
1112,6840,100,0,0,0.950185965
1452,6960,100,0,0,0.949981609
,1320,0,0,0,0.919954545
340,5460,63,0,0,0.800434622
1029,2040,50,0,0,0.800259023
,1080,0,0,0,0.778222222
1070,6960,34,0,0,0.750593103
946,5760,60,0,0,0.700513566
913,4020,30,0,0,0.700184577
1363,6660,0,0,0,0.586465465
1639,6720,0,0,0,0.541517857
,1440,0,0,0,0.5375
,960,0,0,0,0.495416667
415,6960,0,0,0,0.415172414
1263,6900,100,0,0,1.05028058
968,6840,113,0,0,1.000230409
1108,6720,113,0,0,0.999995238
,2160,0,0,0,0.966759259
,1200,0,0,0,0.929183333
,3000,0,0,0,0.915766667
1532,6900,88,0,0,0.900147246
1094,4080,38,0,0,0.800401961
1086,6960,50,0,0,0.799963218
,960,0,0,0,0.779791667
,960,0,0,0,0.755166667
941,3360,30,0,0,0.700710417
1471,6960,0,0,0,0.700612069
1042,6120,60,0,0,0.700278846
1248,6840,0,0,0,0.700135088
,1080,0,0,0,0.687555556
326,5820,0,90,10,0.650834808
,960,0,0,0,0.531666667
287,6060,23,150,15,0.350706422
1300,6780,113,0,0,1.000446018
1485,6900,113,0,0,1.000018551
1039,6720,113,0,0,0.999995238
,2640,0,0,0,0.999924242
1063,6840,100,0,0,0.950185965
,960,0,0,0,0.9425
,1080,0,0,0,0.906666667
,1200,0,0,0,0.8471
,1440,0,0,0,0.845458333
1083,720,38,0,0,0.800612676
1069,6960,50,0,0,0.799963218
,960,0,0,0,0.771583333
668,2520,34,0,0,0.7504
766,2760,30,0,0,0.700079032
557,6960,0,0,0,0.562212644
1608,6960,0,0,0,0.522844828
417,6360,23,0,0,0.500720126
1167,6840,0,0,0,0.496549708
,3000,0,0,0,1.050666667
1186,6900,113,0,0,1.000018551
1060,6840,100,0,0,0.950185965
1534,6780,88,0,0,0.900135693
1142,6720,88,0,0,0.900129762
,1080,0,0,0,0.899111111
,1200,0,0,0,0.870083333
,960,0,0,0,0.845833333
1021,4080,63,0,0,0.800401961
829,6960,50,0,0,0.799963218
,960,0,0,0,0.771583333
813,1560,34,0,0,0.750520115
677,3240,45,0,0,0.750027778
,1200,0,0,0,0.715766667
658,6960,0,270,45,0.662270115
486,6780,30,0,0,0.600224189
687,7500,0,0,0,0.545657673
,960,0,0,0,0.447916667
652,6840,0,300,37,0.365318713
1233,6900,113,0,0,1.000018551
,1440,0,0,0,0.928680556
1388,6720,88,0,0,0.9008
1615,6780,88,0,0,0.900135693
1283,6720,88,0,0,0.900129762
,1200,0,0,0,0.893066667
,1080,0,0,0,0.891555556
,2160,0,0,0,0.875555556
,1800,0,0,0,0.840888889
1026,2880,63,0,0,0.800355208
909,6960,50,0,0,0.799963218
670,3960,34,0,0,0.75065101
629,3240,45,0,0,0.750027778
754,7020,0,0,0,0.700618234
,960,0,0,0,0.610208333
,960,0,0,0,0.607416667
712,6780,44,0,0,0.568259587
148,6960,0,0,0,0.355534483
154,6840,0,0,0,0.353259649
,2160,0,0,0,1.057962963
,1200,0,0,0,0.962016667
1127,120,88,0,0,0.9008
1506,3600,70,0,0,0.900509044
1413,360,70,0,0,0.900477825
,960,0,0,0,0.888125
970,4080,63,0,0,0.800401961
1271,5400,50,0,0,0.800161172
1073,6960,50,0,0,0.799963218
767,3300,50,0,0,0.790003236
103,0,45,0,0,0.750648148
,1800,0,0,0,0.707111111
773,7020,40,0,0,0.700618234
,960,0,0,0,0.697708333
708,4080,0,0,0,0.612517157
842,6960,0,0,0,0.350301724
901,6960,0,0,0,0.350301724
,1080,0,0,0,0.272
,1080,0,0,0,1.004888889
,2160,0,0,0,0.966759259
1268,0,88,0,0,0.90063244
1546,0,88,0,0,0.90047076
813,0,88,0,0,0.90047076
1512,0,88,0,0,0.899984058
,1440,0,0,0,0.853666667
1263,2160,38,0,0,0.8008
900,4080,50,0,0,0.800401961
,1800,0,0,0,0.796755556
640,2400,0,0,0,0.750797009
13,3240,34,0,0,0.750648148
855,7020,45,0,0,0.750356125
,960,0,0,0,0.703770833
855,7020,40,0,0,0.700618234
,960,0,0,0,0.6895
,960,0,0,0,0.628333333
1025,6960,23,0,0,0.500801724
1061,6960,30,0,0,0.393548851
,1800,0,0,0,1.033155556
,1080,0,0,0,1.02
1557,0,90,0,0,1.000344928
1498,0,113,0,0,1.000065789
,1440,0,0,0,0.994375
,2160,0,0,0,0.912037037
,240,0,0,0,0.87
598,0,75,0,0,0.850364583
656,3480,38,0,0,0.800947475
854,4080,50,0,0,0.800401961
609,3240,50,0,0,0.800144144
788,7380,56,0,0,0.750406233
1069,4560,30,0,0,0.714410494
667,5940,40,0,0,0.700588406
,1440,0,0,0,0.618361111
829,3360,23,0,0,0.600070513
,960,0,0,0,0.54175
11,6840,0,0,0,0.536901754
434,3240,0,0,0,0.507903226
1397,0,138,0,0,1.100483918
,1800,0,0,0,1.096633333
1327,0,113,0,0,1.000344928
,1080,0,0,0,0.838666667
894,4080,50,0,0,0.800401961
,1440,0,0,0,0.755486111
610,7080,56,0,0,0.750799435
779,3960,0,0,0,0.688017677
,1440,0,0,0,0.664875
,960,0,0,0,0.656666667
419,7080,0,0,0,0.637711864
,2160,0,0,0,0.601944444
,240,0,0,0,0.58
909,7080,0,0,0,0.535677966
1039,2280,0,0,0,0.50012336
14,6960,0,0,0,0.497885057
1193,7080,0,0,0,0.463403955
10,6000,0,0,0,0.441392
770,6960,0,0,0,0.350301724
1416,6840,113,0,0,1.000230409
,1800,0,0,0,0.929277778
,2400,0,0,0,0.902916667
,1080,0,0,0,0.800888889
942,4080,63,0,0,0.800401961
674,3660,63,0,0,0.80037492
,1440,0,0,0,0.796208333
481,7140,0,0,0,0.750392157
664,7140,56,0,0,0.750392157
,960,0,0,0,0.725625
824,5160,0,0,0,0.700206125
957,7200,0,0,0,0.602
1039,2280,23,0,0,0.600447507
822,4080,0,0,0,0.557252451
1261,6960,30,0,0,0.500801724
,960,0,0,0,0.483333333
,960,0,0,0,0.238041667
,960,0,0,0,1.1204375
,960,0,0,0,1.108125
1420,6840,113,0,0,1.000230409
,1080,0,0,0,0.876444444
1120,1440,50,0,0,0.800806306
,240,0,0,0,0.760833333
679,7140,0,0,0,0.722568627
,1200,0,0,0,0.715333333
881,7080,0,0,0,0.700632768
507,5880,40,2,10,0.700573099
814,4080,0,0,0,0.681598039
700,2640,23,0,0,0.650223718
,960,0,0,0,0.605208333
,960,0,0,0,0.604166667
919,7140,0,0,0,0.598627451
1361,6960,30,0,0,0.475718391
12,6900,0,0,0,0.432122899
,2400,0,0,0,0.287041667
1688,5280,0,0,0,0.283054487
1422,6840,113,0,0,1.000230409
,1200,0,0,0,0.960433333
,1080,0,0,0,0.891555556
,960,0,0,0,0.864583333
1263,600,63,0,0,0.802243319
461,0,0,0,0,0.800980392
1079,3720,38,0,0,0.800312375
,960,0,0,0,0.773333333
895,3960,0,0,0,0.75065101
912,7020,0,0,0,0.750356125
,1800,0,0,0,0.722333333
784,600,30,0,0,0.700459889
,1200,0,0,0,0.629416667
7,7080,27,2,10,0.621971751
680,2160,30,0,0,0.565972222
1131,5280,0,0,0,0.35542803
2103,5400,0,0,0,0.329964879
,1800,0,0,0,0.258
1445,6840,113,0,0,1.000230409
,960,0,0,0,0.927541667
,1200,0,0,0,0.91375
,1080,0,0,0,0.9025
1133,4080,38,0,0,0.800401961
,1800,0,0,0,0.7866
726,3360,0,0,0,0.750621354
849,7020,45,0,0,0.750356125
,960,0,0,0,0.749166667
562,840,30,0,0,0.700888203
1054,3420,30,0,0,0.700614035
1422,6960,50,0,0,0.700603448
,960,0,0,0,0.656666667
680,7140,0,0,0,0.653431373
2120,5520,0,0,0,0.650134
179,0,23,5,30,0.600982906
,960,0,0,0,0.586041667
,1800,0,0,0,0.5814
838,6720,0,0,0,0.361071429
741,0,0,8,35,0.302117347
,1200,0,0,0,0.9918
,1440,0,0,0,0.936861111
,1440,0,0,0,0.919125
685,3360,30,0,0,0.8211125
864,480,50,0,0,0.800980392
511,0,0,0,0,0.800980392
1095,4080,63,0,0,0.800401961
1374,3960,63,0,0,0.800279693
759,3960,34,0,0,0.75065101
553,2280,45,0,0,0.75053268
,960,0,0,0,0.734645833
1057,0,40,0,0,0.700603448
1587,4560,30,0,0,0.70009573
,960,0,0,0,0.671875
,960,0,0,0,0.64025
,960,0,0,0,0.58
,960,0,0,0,0.549791667
868,6840,0,0,0,0.328131579
1119,5640,0,8,35,0.303574468
,960,0,0,0,0.2565
962,4560,0,4.5,30,0.251399254
,2880,0,0,0,0.81640625
1126,1080,38,0,0,0.800711494
265,3840,63,0,0,0.800470513
859,7020,63,0,0,0.800094017
276,600,63,3.5,15,0.799982853
,4320,0,0,0,0.785864198
899,3960,56,0,0,0.75065101
,2400,0,0,0,0.733277778
,3600,0,0,0,0.710125
247,6960,50,0,0,0.700603448
653,3480,30,0,0,0.700540441
1116,6240,0,0,0,0.7
,1920,0,0,0,0.684027778
,1920,0,0,0,0.672135417
1603,6120,30,0,0,0.638614379
,1920,0,0,0,0.631354167
444,0,0,5,20,0.611140537
,2160,0,0,0,0.609583333
841,6840,0,0,0,0.585315789
1410,5760,0,0,0,0.249416667
,1800,0,0,0,0.8721
,960,0,0,0,0.8319375
,4800,0,0,0,0.8300625
,2880,0,0,0,0.805555556
1103,4080,63,0,0,0.800401961
922,5820,63,0,0,0.80000295
,2400,0,0,0,0.78375
,2400,0,0,0,0.753525
1055,3960,45,0,0,0.75065101
,2880,0,0,0,0.727349537
1146,6840,40,0,0,0.700614035
746,6840,0,0,0,0.700605263
834,3480,0,0,0,0.672140805
1717,3240,30,0,0,0.627011183
1041,8160,33,0,0,0.626577778
1531,6000,0,0,0,0.456875
627,6960,0,3.5,20,0.393548851
,960,0,0,0,0.385791667
450,5700,0,4.5,25,0.307501459
,960,0,0,0,0.283958333
,2400,0,0,0,0.955791667
,960,0,0,0,0.930416667
,1080,0,0,0,0.9025
,2160,0,0,0,0.87115
1060,4080,63,0,0,0.800401961
891,7140,38,0,0,0.800137255
541,7140,38,0,0,0.800137255
709,6960,45,0,0,0.750770115
1100,3960,45,0,0,0.75065101
826,2820,0,0,0,0.750293939
577,2160,30,0,0,0.700623
1094,6840,40,0,0,0.700614035
1228,6960,30,0,0,0.700362069
1641,6000,40,0,0,0.60128
1583,6000,0,0,0,0.417916667
,960,0,0,0,0.3715625
,960,0,0,0,0.3715625
,960,0,0,0,0.36871875
,960,0,0,0,0.356458333
,1800,0,0,0,0.902222222
,1440,0,0,0,0.811388889
1062,4080,50,0,0,0.800401961
450,7140,50,0,0,0.800137255
901,6480,50,0,0,0.800071839
,960,0,0,0,0.791458333
739,5640,45,0,0,0.750727326
913,3360,45,0,0,0.75065101
698,3360,34,0,0,0.750437269
1172,5340,45,0,0,0.750176991
,1800,0,0,0,0.726933333
,1800,0,0,0,0.726933333
408,1680,30,0,0,0.700623
1079,4560,40,0,0,0.700518519
1068,3000,30,0,0,0.700256795
,960,0,0,0,0.5046875
1834,6360,0,0,0,0.471108491
,960,0,0,0,0.325
708,5040,0,0,0,0.268214286
1085,6240,56,0,0,0.970816667
,1080,0,0,0,0.902962963
,2400,0,0,0,0.900833333
,1800,0,0,0,0.899555556
,1200,0,0,0,0.845833333
323,4080,50,0,0,0.800808642
1053,4080,50,0,0,0.800401961
786,7080,50,0,0,0.800115819
1003,3960,45,0,0,0.75065101
635,3360,45,0,0,0.750503571
1283,6960,45,0,0,0.750206897
847,6960,30,0,0,0.700362069
361,3960,30,0,0,0.700069811
1653,6240,0,0,0,0.700058333
,960,0,0,0,0.676666667
,960,0,0,0,0.658541667
15,1200,49,0,0,0.598792339
762,5040,0,0,0,0.581130952
,960,0,0,0,0.440375
,960,0,0,0,0.410833333
,960,0,0,0,0.410833333
,6300,0,0,0,0.921703704
,7560,0,0,0,0.921604938
694,4080,50,0,0,0.800808642
816,2820,50,0,0,0.800516667
1065,4080,63,0,0,0.800401961
,3360,0,0,0,0.768847222
912,3960,45,0,0,0.75065101
1244,6840,45,0,0,0.750473684
1020,5640,45,0,0,0.750371895
916,6960,56,0,0,0.750206897
1591,3240,0,0,0,0.700251773
398,6960,0,0,0,0.66237931
,3780,0,0,0,0.590617284
,960,0,0,0,0.5565625
437,7080,32,0,0,0.495617514
413,6840,38,0,0,0.449964912
,3360,0,0,0,0.410833333
,960,0,0,0,0.4078125
1164,6600,23,0,0,0.378895152
,3360,0,0,0,0.376597222
,3360,0,0,0,0.271875
,6300,0,0,0,0.921703704
,7560,0,0,0,0.921604938
954,0,50,0,0,0.800779018
1194,1700,62,0,0,0.800260821
644,840,38,0,0,0.799982853
,3360,0,0,0,0.768847222
1144,4440,45,0,0,0.750716981
1012,3960,45,0,0,0.75065101
792,4560,56,0,0,0.750425926
841,6240,45,0,0,0.750395513
1448,6120,40,0,0,0.700236601
512,4560,0,0,0,0.700211111
,3780,0,0,0,0.590617284
,960,0,0,0,0.5565625
609,6840,30,0,0,0.550403509
1448,6840,30,0,0,0.550349708
556,6960,23,0,0,0.500258046
,3360,0,0,0,0.410833333
,960,0,0,0,0.4078125
,3360,0,0,0,0.376597222
,3360,0,0,0,0.271875
,10500,0,0,0,0.936355556
,3360,0,0,0,0.813611111
1106,4080,63,0,0,0.800401961
622,6240,56,0,0,0.75075
1193,3960,45,0,0,0.75065101
1143,6840,45,0,0,0.750473684
895,6240,34,0,0,0.750395513
549,6720,38,0,0,0.707446429
1393,5640,30,0,0,0.700236601
1578,6840,38,0,0,0.700019883
254,1800,0,0,0,0.683550607
347,0,50,4,20,0.682433036
,960,0,0,0,0.673083333
,3360,0,0,0,0.664583333
692,6840,23,0,0,0.600239766
,960,0,0,0,0.585
934,6960,0,3.5,15,0.579511494
,3360,0,0,0,0.448722222
,960,0,0,0,0.447083333
,3360,0,0,0,0.350416667
,1200,0,0,0,0.92885
,10080,0,0,0,0.86037037
,960,0,0,0,0.806879167
1527,6840,65,0,0,0.800579532
1035,4080,63,0,0,0.800401961
,1200,0,0,0,0.8004
632,0,50,0,0,0.800309211
1231,4680,50,0,0,0.800149813
616,7080,0,0,0,0.800115819
,3360,0,0,0,0.773333333
947,2880,34,0,0,0.750797009
551,6840,45,0,0,0.750473684
935,6240,45,0,0,0.750395513
832,6780,55,0,0,0.750254867
544,6720,34,0,0,0.700903571
1511,3600,30,0,0,0.70013604
,3360,0,0,0,0.632361111
,3780,0,0,0,0.607654321
,3360,0,0,0,0.537919444
,3360,0,0,0,0.342361111
,4200,0,0,0,0.999533333
,6300,0,0,0,0.902962963
601,0,50,0,0,0.800701754
1562,6960,60,0,0,0.800566092
983,4080,50,0,0,0.800401961
1156,6840,50,0,0,0.800333333
29,7080,50,0,0,0.800115819
950,6960,50,0,0,0.750770115
534,6840,56,0,0,0.750473684
1096,6240,34,0,0,0.750395513
402,3120,45,0,0,0.750212553
,3360,0,0,0,0.702777778
573,6840,30,0,0,0.700659649
1313,5040,30,0,0,0.699984417
,3780,0,0,0,0.636049383
,6300,0,0,0,0.567377778
,3360,0,0,0,0.555430556
,3360,0,0,0,0.555430556
,3360,0,0,0,0.463194444
,3360,0,0,0,0.354444444
,3360,0,0,0,0.309333333
157,5400,0,6.5,30,0.30277037
,1200,0,0,0,0.939166667
,960,0,0,0,0.930416667
,1080,0,0,0,0.885925926
,960,0,0,0,0.83375
,960,0,0,0,0.806879167
,960,0,0,0,0.806058333
433,0,38,0,0,0.800701754
961,4080,50,0,0,0.800401961
1169,6840,63,0,0,0.800333333
874,3960,50,0,0,0.800055762
1028,6960,60,0,0,0.799975862
1772,6960,50,0,0,0.750651724
1206,6240,34,0,0,0.750395513
586,6960,40,0,0,0.700424138
1334,5760,30,0,0,0.700058333
,8400,0,0,0,0.684888889
,960,0,0,0,0.592083333
,960,0,0,0,0.5403125
30,6840,0,0,0,0.433263158
261,5520,0,0,0,0.404144928
52,3960,0,0,0,0.332146465
,2640,0,0,0,0.980984848
,960,0,0,0,0.950625
,1200,0,0,0,0.927291667
,1080,0,0,0,0.868888889
,960,0,0,0,0.812625
,960,0,0,0,0.812625
,1800,0,0,0,0.810111111
455,3420,50,0,0,0.800701754
797,1800,63,0,0,0.800534979
959,4080,50,0,0,0.800401961
1373,6960,50,0,0,0.750651724
1228,6240,45,0,0,0.750395513
1117,7080,50,0,0,0.750050847
230,6960,40,0,0,0.700424138
1390,6000,30,0,0,0.700422
529,1320,0,0,0,0.600099145
,960,0,0,0,0.453125
834,1200,0,4,40,0.366053523
1450,2640,0,0,0,0.26369382
,1080,0,0,0,0.868888889
986,4080,75,0,0,0.850520588
1267,8160,70,0,0,0.850045
,6000,0,0,0,0.825444444
,2400,0,0,0,0.80575
1195,6960,60,0,0,0.800746552
983,6840,63,0,0,0.800578947
471,3420,50,0,0,0.800034503
,960,0,0,0,0.7975
1226,3480,45,0,0,0.749987124
1251,6000,30,0,0,0.700422
,960,0,0,0,0.664875
,960,0,0,0,0.664875
,960,0,0,0,0.657083333
626,4200,0,0,0,0.65024031
,3600,0,0,0,0.590740741
,1920,0,0,0,0.528125
1379,2280,0,0,0,0.500528095
541,6960,24,0,0,0.408960345
,1440,0,0,0,0.951944444
,1080,0,0,0,0.945555556
,1080,0,0,0,0.929074074
,960,0,0,0,0.890604167
,960,0,0,0,0.890604167
,1200,0,0,0,0.884
,960,0,0,0,0.857916667
1082,6840,65,0,0,0.850084211
1254,6960,65,0,0,0.85007069
1278,3360,50,0,0,0.800511068
1064,4080,63,0,0,0.800401961
313,3420,50,0,0,0.800034503
,960,0,0,0,0.755208333
1239,5640,45,0,0,0.750371895
1335,6000,30,0,0,0.700422
928,4800,30,0,0,0.700106061
1266,2520,23,0,0,0.601037091
869,6720,0,0,0,0.600528571
711,7080,23,0,0,0.500033898
,960,0,0,0,0.4509375
,960,0,0,0,0.441041667
,960,0,0,0,0.271875
,0,960,0,0,0.960625
,0,1080,0,0,0.902962963
,0,2880,0,0,0.864342593
1079,7020,65,0,0,0.850446154
1322,7140,65,0,0,0.850426891
,0,3600,0,0,0.841
964,5160,50,0,0,0.800842424
1132,4080,63,0,0,0.800401961
357,3420,50,0,0,0.800034503
,0,1440,0,0,0.795416667
,0,960,0,0,0.7953875
,0,960,0,0,0.794566667
1193,6240,45,0,0,0.750395513
817,5520,30,0,0,0.700516224
1576,6000,30,0,0,0.700422
,0,1200,0,0,0.6825
1262,4560,35,0,0,0.650962281
953,6720,26,0,0,0.650421429
919,7080,23,0,0,0.600040678
1161,6600,0,0,0,0.500610909
,0,960,0,0,0.477291667
,0,960,0,0,0.2640625
,1080,0,0,0,0.92
,1440,0,0,0,0.909391667
1574,7080,75,0,0,0.900061017
,1440,0,0,0,0.894444444
,960,0,0,0,0.881575
,960,0,0,0,0.880754167
1104,5880,65,0,0,0.850084211
,1800,0,0,0,0.821666667
1069,4080,63,0,0,0.800401961
756,6960,63,0,0,0.800071839
338,3420,50,0,0,0.800034503
,960,0,0,0,0.758229167
1499,6000,34,0,0,0.750608
1247,6240,45,0,0,0.750395513
,960,0,0,0,0.741
923,6840,30,0,0,0.700505263
1180,4560,30,0,0,0.700246491
957,5400,40,0,0,0.700051852
1001,7080,26,0,0,0.650044068
1017,6840,25,0,0,0.630402924
,960,0,0,0,0.560625
,960,0,0,0,0.560625
,960,0,0,0,0.39875
,2160,0,0,0,0.922839506
,2400,0,0,0,0.874027778
,1920,0,0,0,0.819270833
,1920,0,0,0,0.813309028
,1920,0,0,0,0.812625
470,4080,63,0,0,0.800401961
735,6960,63,0,0,0.800071839
560,3420,50,0,0,0.800034503
,1920,0,0,0,0.786631944
,1440,0,0,0,0.75885
1674,6000,34,0,0,0.750608
290,5040,45,0,0,0.750347333
971,5400,45,0,0,0.750140741
1322,7080,45,0,0,0.750050847
1054,7080,45,0,0,0.750050847
992,6960,30,0,0,0.700556897
914,6840,30,0,0,0.700505263
1128,4560,40,0,0,0.700246491
935,6840,26,0,0,0.650596491
,960,0,0,0,0.628333333
,960,0,0,0,0.625625
,960,0,0,0,0.625625
,1800,0,0,0,0.505888889
,720,0,0,0,0.394722222
