incentive,smv,no_of_workers,over_time,targeted_productivity,department,wip,team,quarter,no_of_style_change,idle_time,idle_men,actual_productivity
98,26.16,59,7080,0.8,1,1108,8,1,0,0,0,0.940725424
0,3.94,8,960,0.75,2,,1,1,0,0,0,0.8865
50,11.41,30.5,3660,0.8,1,968,11,1,0,0,0,0.800570492
50,11.41,30.5,3660,0.8,1,968,12,1,0,0,0,0.800570492
50,25.9,56,1920,0.8,1,1170,6,1,0,0,0,0.800381944
38,25.9,56,6720,0.8,1,984,7,1,0,0,0,0.800125
0,3.94,8,960,0.75,2,,2,1,0,0,0,0.755166667
45,28.08,57.5,6900,0.75,1,795,3,1,0,0,0,0.753683478
34,19.87,55,6000,0.75,1,733,2,1,0,0,0,0.753097531
45,28.08,57.5,6900,0.75,1,681,1,1,0,0,0,0.750427826
44,28.08,57.5,6900,0.7,1,872,9,1,0,0,0,0.721126957
45,19.31,54,6480,0.75,1,578,10,1,0,0,0,0.712205247
50,11.41,30.5,3660,0.8,1,668,5,1,0,0,0,0.707045902
0,3.94,8,960,0.65,2,,10,1,0,0,0,0.705916667
0,2.9,8,960,0.75,2,,8,1,0,0,0,0.676666667
0,3.94,18,2160,0.75,2,,4,1,0,0,0,0.593055556
0,2.9,8,960,0.8,2,,7,1,0,0,0,0.540729167
0,23.69,60,7200,0.65,1,861,4,1,0,0,0,0.52118
0,4.15,12,1440,0.7,2,,11,1,0,0,0,0.436326389
0,4.15,20,6600,0.8,2,,4,1,0,0,0,0.988024691
0,2.9,17,5640,0.75,2,,11,1,0,0,0,0.987880435
0,4.15,8,960,0.8,2,,9,1,0,0,0,0.956270833
0,3.94,8,1560,0.75,2,,3,1,0,0,0,0.945277778
0,3.94,8,960,0.8,2,,1,1,0,0,0,0.902916667
50,28.08,56.5,6300,0.8,1,772,1,1,0,0,0,0.800725314
50,28.08,54.5,6540,0.8,1,913,3,1,0,0,0,0.800322936
50,26.16,59,7080,0.8,1,1261,8,1,0,0,0,0.800318644
63,26.16,59,7080,0.8,1,844,12,1,0,0,0,0.800318644
50,11.61,29.5,7080,0.8,1,1005,11,1,0,0,0,0.800237288
50,11.61,31.5,7080,0.8,1,659,5,1,0,0,0,0.800148649
50,25.9,56,6720,0.8,1,1152,6,1,0,0,0,0.800125
38,25.9,56,6720,0.8,1,1138,7,1,0,0,0,0.800125
56,19.31,54,6480,0.75,1,610,10,1,0,0,0,0.787299691
0,4.15,8,960,0.8,2,,2,1,0,0,0,0.782447917
45,19.87,55,6600,0.75,1,944,2,1,0,0,0,0.75024303
0,4.15,8,960,0.7,2,,10,1,0,0,0,0.7018125
0,23.69,60,13800,0.7,1,544,4,1,0,0,0,0.700134038
40,28.08,57.5,6900,0.7,1,1072,9,1,0,0,0,0.699965217
0,2.9,8,960,0.8,2,,8,1,0,0,0,0.628333333
0,3.94,8,960,0.8,2,,7,1,0,0,0,0.6253125
0,4.15,8,1560,0.75,2,,3,1,0,0,0,0.991388889
0,3.94,8,960,0.8,2,,9,1,0,0,0,0.931645833
0,3.94,8,960,0.8,2,,1,1,0,0,0,0.915229167
50,11.61,31,6975,0.8,1,539,6,1,0,0,0,0.879714482
0,3.94,20,6600,0.8,2,,4,1,0,0,0,0.861679012
60,26.16,59,7080,0.8,1,1278,9,1,0,0,0,0.850569492
60,25.9,56.5,7020,0.8,1,1227,7,1,0,0,0,0.850436438
45,25.9,56.5,6780,0.8,1,1039,8,1,0,0,0,0.850345133
50,28.08,55.5,4260,0.8,1,878,4,1,0,0,0,0.800598058
63,26.16,59,7080,0.8,1,1033,1,1,0,0,0,0.800318644
50,28.08,55.5,6660,0.8,1,782,2,1,0,0,0,0.800237838
50,11.61,31,6975,0.8,1,1216,12,1,0,0,0,0.800030199
0,3.94,8,960,0.8,2,,2,1,0,0,0,0.792104167
0,3.94,18,4320,0.7,2,,10,1,0,0,0,0.759228395
45,19.31,54,6480,0.75,1,513,11,1,0,0,0,0.750348457
45,19.87,55,6600,0.75,1,734,3,1,0,0,0,0.75024303
40,28.08,57.5,6900,0.7,1,1202,10,1,0,0,0,0.699965217
0,2.9,8,960,0.8,2,,8,1,0,0,0,0.682708333
0,2.9,8,960,0.8,2,,7,1,0,0,0,0.667604167
26,45.67,58,6960,0.7,1,884,5,1,0,0,0,0.603432184
0,4.15,8,960,0.75,2,,11,1,0,0,0,0.345833333
0,3.94,8,1920,0.8,2,,1,1,0,0,0,0.961059028
0,3.94,10,2400,0.8,2,,11,1,0,0,0,0.939513889
0,3.94,16,3840,0.8,2,,4,1,0,0,0,0.893663194
0,4.15,8,1920,0.75,2,,3,1,0,0,0,0.875390625
75,26.16,59,7080,0.8,1,1227,9,1,0,0,0,0.850569492
0,2.9,8,1920,0.8,2,,9,1,0,0,0,0.820833333
0,3.94,8,960,0.8,2,,2,1,0,0,0,0.804416667
50,25.9,56.5,6780,0.8,1,1255,7,1,0,0,0,0.800684366
38,25.9,56.5,6780,0.8,1,1047,8,1,0,0,0,0.800684366
63,26.16,59,7080,0.8,1,1138,1,1,0,0,0,0.800318644
50,19.31,55,4800,0.8,1,678,11,1,0,0,0,0.800250962
50,11.61,32,7200,0.8,1,712,6,1,0,0,0,0.800246011
50,11.61,32,7200,0.8,1,1037,12,1,0,0,0,0.800246011
50,28.08,57.5,6900,0.8,1,757,2,1,0,0,0,0.800076522
50,28.08,57.5,6900,0.8,1,759,4,1,0,0,0,0.800076522
0,2.9,8,960,0.75,2,,10,1,0,0,0,0.763375
0,2.9,8,960,0.6,2,,5,1,0,0,0,0.759270833
45,28.08,58.5,7020,0.75,1,1083,10,1,0,0,0,0.7504
45,19.87,55,6600,0.75,1,944,3,1,0,0,0,0.75024303
0,3.94,8,960,0.8,2,,7,1,0,0,0,0.676666667
0,2.9,8,960,0.8,2,,8,1,0,0,0,0.664583333
23,21.98,58,6960,0.6,1,666,5,1,0,0,0,0.600028736
0,3.94,18,4440,0.8,2,,4,1,0,0,0,0.966781346
0,3.94,8,1440,0.8,2,,1,1,0,0,0,0.936496212
0,4.15,10,1800,0.75,2,,3,1,0,0,0,0.899166667
0,4.15,15,2700,0.8,2,,11,1,0,0,0,0.888686869
0,3.94,8,1440,0.8,2,,9,1,0,0,0,0.858143939
75,26.16,59,10620,0.8,1,1187,1,1,0,0,0,0.850502311
75,26.16,59,10620,0.8,1,1305,9,1,0,0,0,0.850502311
0,3.94,8,1440,0.75,2,,10,1,0,0,0,0.809640152
0,3.94,8,1440,0.8,2,,2,1,0,0,0,0.805909091
50,28.08,57.5,10350,0.8,1,716,2,1,0,0,0,0.800594466
50,28.08,57.5,10350,0.8,1,925,4,1,0,0,0,0.800594466
50,19.87,55,9900,0.8,1,963,3,1,0,0,0,0.800273829
50,11.61,31.5,5310,0.8,1,1101,12,1,0,0,0,0.800140969
38,25.9,56.5,10170,0.8,1,1035,7,1,0,0,0,0.800128721
38,25.9,56.5,10170,0.8,1,1083,8,1,0,0,0,0.800128721
38,11.61,31.5,4470,0.8,1,910,6,1,0,0,0,0.80007657
45,28.08,58.5,10530,0.75,1,1209,10,1,0,0,0,0.750545455
45,19.31,55,9900,0.75,1,590,11,1,0,0,0,0.750057851
0,2.9,8,1440,0.8,2,,8,1,0,0,0,0.681060606
35,21.98,58,10440,0.65,1,808,5,1,0,0,0,0.649983281
0,2.9,8,1440,0.8,2,,7,1,0,0,0,0.61625
0,3.94,8,1440,0.8,2,,1,1,0,0,0,0.951420455
0,3.94,8,1440,0.8,2,,9,1,0,0,0,0.880530303
75,26.16,59,10620,0.8,1,1179,1,1,0,0,0,0.850502311
75,26.16,59,10620,0.8,1,1324,9,1,0,0,0,0.850502311
60,25.9,56.5,10170,0.8,1,1135,8,1,0,0,0,0.850136766
0,4.15,15,2700,0.75,2,,3,1,0,0,0,0.83
0,3.94,18,4440,0.8,2,,4,1,0,0,0,0.827186544
0,3.94,8,1440,0.8,2,,2,1,0,0,0,0.813371212
0,3.94,8,1440,0.75,2,,10,1,0,0,0,0.805909091
0,2.9,8,1440,0.8,2,,7,1,0,0,0,0.804640152
63,28.08,57.5,10350,0.8,1,776,2,1,0,0,0,0.800594466
50,28.08,57.5,10350,0.8,1,990,4,1,0,0,0,0.800594466
50,11.41,30.5,5490,0.8,1,986,6,1,0,0,0,0.800343766
50,19.87,55,9900,0.8,1,924,3,1,0,0,0,0.800273829
50,11.61,31.5,5670,0.8,1,1120,12,1,0,0,0,0.800246753
50,25.9,56.5,10170,0.8,1,1066,7,1,0,0,0,0.800128721
69,28.08,58.5,10530,0.75,1,1144,10,1,0,0,0,0.8
40,21.98,58,9720,0.7,1,413,5,1,0,0,0,0.700480831
0,2.9,8,1440,0.8,2,,8,1,0,0,0,0.681060606
0,2.9,10,1800,0.8,2,,6,1,0,0,0,0.666515152
40,31.83,55,9900,0.8,1,568,11,1,0,0,0,0.412119835
0,4.15,8,1440,0.7,2,,5,1,0,0,0,0.330113636
0,3.94,8,1440,0.8,2,,1,2,0,0,0,0.947689394
0,3.94,20,12600,0.8,2,,4,2,0,0,0,0.919905405
88,26.16,59,10620,0.8,1,1216,9,2,0,0,0,0.900215716
0,3.94,8,1440,0.8,2,,9,2,0,0,0,0.891723485
75,26.16,59,10620,0.8,1,1189,1,2,0,0,0,0.850502311
75,28.08,58.5,10530,0.8,1,942,4,2,0,0,0,0.850181818
60,25.9,56.5,10170,0.8,1,1050,7,2,0,0,0,0.850136766
60,25.9,56.5,10170,0.8,1,1026,8,2,0,0,0,0.850136766
0,3.94,8,1440,0.8,2,,2,2,0,0,0,0.835757576
0,4.15,8,3840,0.7,2,,5,2,0,0,0,0.821354167
63,28.08,58.5,10050,0.8,1,783,2,2,0,0,0,0.800497246
50,19.87,55,9900,0.8,1,857,3,2,0,0,0,0.800273829
63,11.61,31.5,15120,0.8,1,548,12,2,0,0,0,0.800107143
50,11.41,30.5,14640,0.8,1,411,6,2,0,0,0,0.800024932
69,28.08,58.5,10530,0.75,1,1066,10,2,0,0,0,0.8
0,3.94,8,1440,0.75,2,,10,2,0,0,0,0.779791667
0,2.9,8,1440,0.8,2,,8,2,0,0,0,0.735984848
0,4.15,12,2160,0.75,2,,3,2,0,0,0,0.712626263
0,2.9,8,1440,0.8,2,,7,2,0,0,0,0.681060606
0,4.15,5,900,0.8,2,,11,2,0,0,0,0.515606061
38,12.52,54,25920,0.35,1,287,11,2,0,0,0,0.349951389
0,42.41,57,10260,0.7,1,724,5,2,0,0,0,0.233705476
0,3.94,8,2160,0.8,2,,1,2,0,0,0,0.985
0,4.15,12,2760,0.75,2,,3,2,0,0,0,0.930340376
0,3.94,20,6000,0.8,2,,4,2,0,0,0,0.911589744
0,3.94,8,1440,0.8,2,,9,2,0,0,0,0.858143939
75,26.16,59,10620,0.8,1,1122,9,2,0,0,0,0.851174114
60,25.9,56.5,10170,0.8,1,970,7,2,0,0,0,0.850136766
60,25.9,56.5,10170,0.8,1,1158,8,2,0,0,0,0.850136766
0,3.94,8,1440,0.8,2,,10,2,0,0,0,0.846950758
0,4.15,8,1440,0.8,2,,11,2,0,0,0,0.817424242
0,3.94,8,1440,0.8,2,,2,2,0,0,0,0.817102273
63,28.08,58,10440,0.8,1,660,4,2,0,0,0,0.801028213
63,28.08,57.5,10350,0.8,1,749,2,2,0,0,0,0.800594466
50,11.61,31.5,4710,0.8,1,893,12,2,0,0,0,0.800346445
50,11.41,30.5,5490,0.8,1,887,6,2,0,0,0,0.800343766
63,26.16,59,10620,0.8,1,1335,1,2,0,0,0,0.800117103
63,28.08,58.5,10530,0.8,1,1082,10,2,0,0,0,0.8
45,19.87,56,7080,0.75,1,1075,3,2,0,0,0,0.750098351
38,12.52,53,9540,0.5,1,749,11,2,0,0,0,0.673245283
0,2.9,8,1440,0.8,2,,7,2,0,0,0,0.670075758
0,2.9,8,1440,0.8,2,,8,2,0,0,0,0.628882576
0,20.79,56,7680,0.5,1,966,5,2,0,0,0,0.388007813
0,4.15,8,1440,0.5,2,,5,2,0,0,0,0.337973485
0,4.15,8,1440,0.75,2,,3,2,0,0,0,0.93532197
0,3.94,20,3600,0.8,2,,4,2,0,0,0,0.925643939
88,26.16,59,10620,0.8,1,1095,9,2,0,0,0,0.900215716
0,3.94,8,1440,0.8,2,,1,2,0,0,0,0.873068182
0,3.94,8,1440,0.8,2,,9,2,0,0,0,0.858143939
75,26.16,59,10620,0.8,1,1383,1,2,0,0,0,0.850502311
45,25.9,56.5,10170,0.8,1,1012,7,2,0,0,0,0.850136766
60,25.9,56.5,10170,0.8,1,1209,8,2,0,0,0,0.850136766
0,3.94,8,1440,0.8,2,,10,2,0,0,0,0.828295455
0,3.94,8,1440,0.8,2,,2,2,0,0,0,0.820833333
50,11.41,30.5,5490,0.8,1,887,6,2,0,0,0,0.800343766
50,11.61,31.5,5670,0.8,1,896,12,2,0,0,0,0.800246753
63,28.08,58.5,10530,0.8,1,805,2,2,0,0,0,0.8
38,28.08,58.5,10530,0.8,1,762,10,2,0,0,0,0.8
0,19.87,55,6420,0.8,1,1043,3,2,0,0,0,0.690182815
0,4.15,8,1440,0.8,2,,11,2,0,0,0,0.668087121
0,2.9,8,1440,0.8,2,,8,2,0,0,0,0.653598485
0,4.15,8,1440,0.5,2,,5,2,0,0,0,0.609138258
30,12.52,53,9540,0.6,1,831,11,2,0,0,0,0.600229846
0,2.9,8,1440,0.8,2,,6,2,0,0,0,0.597348485
0,2.9,8,1440,0.8,2,,7,2,0,0,0,0.590435606
0,50.48,58,10440,0.8,1,562,4,2,0,0,0,0.473134796
0,20.79,57,7980,0.6,1,1208,5,2,0,0,0,0.452979626
0,3.94,8,1440,0.8,2,,1,2,0,0,0,0.955151515
0,4.3,18,3240,0.35,2,,4,2,0,0,0,0.942213805
0,4.15,10,1800,0.8,2,,3,2,0,0,0,0.905454545
0,3.94,8,1440,0.8,2,,2,2,0,0,0,0.880530303
0,3.94,8,1440,0.8,2,,9,2,0,0,0,0.858143939
75,26.16,59,8220,0.8,1,1099,1,2,0,0,0,0.850522167
75,26.16,59,10620,0.8,1,1093,9,2,0,0,0,0.850502311
60,25.9,56.5,10170,0.8,1,1031,7,2,0,0,0,0.850136766
60,25.9,56.5,10170,0.8,1,1233,8,2,0,0,0,0.850136766
0,2.9,8,1440,0.8,2,,6,2,0,0,0,0.817424242
0,4.15,8,1440,0.65,2,,5,2,0,0,0,0.809564394
0,19.87,55,9900,0.8,1,941,3,2,0,0,0,0.800273829
50,11.41,31.5,5670,0.8,1,843,6,2,0,0,0,0.800181818
50,11.61,31.5,4470,0.8,1,760,12,2,0,0,0,0.80007657
63,28.08,58.5,10530,0.8,1,737,2,2,0,0,0,0.8
0,2.9,8,1440,0.8,2,,8,2,0,0,0,0.725
45,50.48,58.5,6930,0.8,1,381,10,2,0,0,0,0.688557555
0,20.79,59,8460,0.65,1,1141,5,2,0,0,0,0.650040783
44,12.52,53,9540,0.65,1,1004,11,2,0,0,0,0.64998056
0,2.9,8,1440,0.8,2,,7,2,0,0,0,0.648106061
0,4.15,8,1440,0.8,2,,11,2,0,0,0,0.640577652
0,22.4,51.5,7350,0.35,1,581,4,2,0,0,0,0.35063299
0,3.94,8,1440,0.8,2,,10,2,0,0,0,0.24625
0,4.3,12,2160,0.35,2,,4,2,0,0,0,0.952020202
0,3.94,2,1440,0.8,2,,1,2,0,0,0,0.951420455
0,3.94,20,5400,0.8,2,,10,2,0,0,0,0.912766667
0,4.15,9,1620,0.8,2,,3,2,0,0,0,0.901262626
0,3.94,8,1440,0.8,2,,9,2,0,0,0,0.858143939
75,26.16,59,10620,0.8,1,1073,1,2,0,0,0,0.850502311
75,26.16,59,10620,0.8,1,1156,9,2,0,0,0,0.850502311
60,25.9,57,10260,0.8,1,1211,8,2,0,0,0,0.850252525
60,25.9,56.5,10170,0.8,1,1126,7,2,0,0,0,0.850136766
0,4.15,8,1440,0.65,2,,5,2,0,0,0,0.821354167
0,3.94,8,1440,0.8,2,,2,2,0,0,0,0.805909091
50,11.61,31.5,5670,0.8,1,1004,6,2,0,0,0,0.800246753
50,11.61,31.5,5670,0.8,1,1063,12,2,0,0,0,0.800246753
50,28.08,58.5,10530,0.8,1,723,2,2,0,0,0,0.8
54,42.27,55,9900,0.8,1,465,3,2,0,0,0,0.705576584
0,2.9,8,1440,0.8,2,,8,2,0,0,0,0.681060606
0,2.9,8,1440,0.8,2,,7,2,0,0,0,0.670075758
0,4.15,8,1440,0.8,2,,11,2,0,0,0,0.601278409
37,27.13,53,9540,0.7,1,530,11,2,0,0,0,0.582301029
0,20.79,58,10440,0.7,1,1297,5,2,0,0,0,0.526810345
23,22.4,56.5,10170,0.5,1,783,4,2,0,0,0,0.500380799
23,22.4,56.5,10170,0.35,1,715,10,2,0,0,0,0.35020649
0,4.15,7,1980,0.8,2,,11,2,0,0,0,0.934607438
0,4.3,8,2700,0.35,2,,4,2,0,0,0,0.908080808
70,25.9,56.5,10170,0.8,1,1150,7,2,0,0,0,0.900144811
0,3.94,8,1440,0.8,2,,1,2,0,0,0,0.891723485
0,4.15,15,1440,0.65,2,,5,2,0,0,0,0.864583333
0,3.94,8,1440,0.8,2,,9,2,0,0,0,0.858143939
75,26.16,59,10620,0.8,1,1232,9,2,0,0,0,0.850502311
60,25.9,56.5,10170,0.8,1,1218,8,2,0,0,0,0.850136766
0,2.9,8,1440,0.8,2,,7,2,0,0,0,0.837594697
0,4.15,7,1440,0.8,2,,3,2,0,0,0,0.820833333
50,11.61,31.5,2970,0.8,1,1159,12,2,0,0,0,0.800313433
38,11.61,31.5,5670,0.8,1,972,6,2,0,0,0,0.800246753
63,26.16,59,10620,0.8,1,1092,1,2,0,0,0,0.800117103
0,20.79,58,7320,0.7,1,965,5,2,0,0,0,0.700095563
0,2.9,8,1440,0.8,2,,8,2,0,0,0,0.667329545
23,22.4,57,5100,0.6,1,816,4,2,0,0,0,0.600369686
23,22.4,56.5,3390,0.5,1,947,10,2,0,0,0,0.499980334
23,14.61,55,7200,0.35,1,838,11,2,0,0,0,0.35003125
0,3.94,8,1260,0.8,2,,10,2,0,0,0,0.332359307
27,51.02,57,4260,0.8,1,1086,2,2,0,0,0,0.311207464
0,3.94,8,1260,0.8,2,,2,2,0,0,0,0.247316017
0,4.3,20,3600,0.35,2,,4,3,0,0,0,0.988636364
0,3.94,19,3420,0.8,2,,10,3,0,0,0,0.953110048
0,3.94,8,1440,0.8,2,,1,3,0,0,0,0.884261364
0,4.15,8,1440,0.65,2,,5,3,0,0,0,0.860653409
0,3.94,8,1440,0.8,2,,9,3,0,0,0,0.858143939
75,26.16,59,10620,0.8,1,1160,1,3,0,0,0,0.850502311
60,25.9,56.5,8970,0.8,1,1177,8,3,0,0,0,0.850415628
60,25.9,56.5,10170,0.8,1,1281,7,3,0,0,0,0.850136766
63,26.16,59,10620,0.8,1,1369,9,3,0,0,0,0.800117103
38,11.61,31.5,4950,0.8,1,1084,6,3,0,0,0,0.80003139
50,11.61,31.5,4950,0.8,1,1216,12,3,0,0,0,0.80003139
0,20.79,58,10440,0.7,1,391,5,3,0,0,0,0.700060345
0,2.9,8,1440,0.8,2,,7,3,0,0,0,0.689299242
30,22.52,56.5,10170,0.5,1,1102,3,3,0,0,0,0.660683293
26,22.52,56,10080,0.65,1,872,4,3,0,0,0,0.650130952
0,2.9,8,1440,0.8,2,,8,3,0,0,0,0.606912879
23,22.52,56.5,10170,0.6,1,1076,10,3,0,0,0,0.600291767
30,14.89,55,9900,0.5,1,917,11,3,0,0,0,0.500025069
23,22.94,54.5,9810,0.5,1,1044,2,3,0,0,0,0.499998888
0,4.15,15,2700,0.65,2,,5,3,0,0,0,0.98719697
0,3.94,10,1800,0.8,2,,2,3,0,0,0,0.980909091
0,3.94,8,1440,0.8,2,,10,3,0,0,0,0.974621212
0,3.94,8,1440,0.8,2,,1,3,0,0,0,0.884261364
0,3.94,10,1800,0.8,2,,9,3,0,0,0,0.82680303
63,11.41,30.5,5490,0.8,1,1067,6,3,0,0,0,0.800343766
63,11.61,31.5,5670,0.8,1,1039,12,3,0,0,0,0.800246753
50,25.9,56.5,10170,0.8,1,1396,7,3,0,0,0,0.800128721
50,25.9,56.5,10170,0.8,1,1292,8,3,0,0,0,0.800128721
63,48.68,59,10620,0.8,1,171,1,3,0,0,0,0.800117103
63,26.16,59,10620,0.8,1,1128,9,3,0,0,0,0.800117103
23,22.94,56.5,6570,0.6,1,865,2,3,0,0,0,0.77011398
50,22.52,56.5,10170,0.7,1,825,4,3,0,0,0,0.7005417
0,2.9,8,1440,0.8,2,,8,3,0,0,0,0.675568182
0,2.9,8,1440,0.8,2,,7,3,0,0,0,0.661837121
35,22.52,54,9720,0.65,1,1163,10,3,0,0,0,0.650198653
30,22.52,56.5,10170,0.6,1,1140,3,3,0,0,0,0.600291767
38,14.89,56,10080,0.6,1,1027,11,3,0,0,0,0.600273268
0,2.9,5,900,0.8,2,,6,3,0,0,0,0.465757576
21,41.19,58,10440,0.7,1,1052,5,3,0,0,0,0.452012539
0,4.15,7,1260,0.8,2,,11,3,0,0,0,0.313852814
0,4.15,8,1440,0.6,2,,5,3,0,0,0,0.852793561
0,4.15,12,2160,0.65,2,,11,3,0,0,0,0.838383838
0,2.9,10,1800,0.8,2,,6,3,0,0,0,0.804848485
63,11.41,30.5,5490,0.8,1,1140,6,3,0,0,0,0.800343766
50,48.84,56.5,10170,0.8,1,624,7,3,0,0,0,0.800128721
38,25.9,56.5,10170,0.8,1,1288,8,3,0,0,0,0.800128721
50,26.16,59,3660,0.8,1,1381,9,3,0,0,0,0.800015009
50,22.52,56.5,10170,0.7,1,882,4,3,0,0,0,0.7005417
40,22.52,56,10080,0.7,1,1002,10,3,0,0,0,0.700094156
0,2.9,8,1440,0.8,2,,7,3,0,0,0,0.692045455
56,26.87,31.5,5670,0.8,1,585,12,3,0,0,0,0.662255892
35,22.52,56.5,10170,0.65,1,1138,3,3,0,0,0,0.650416734
44,14.89,57,10260,0.65,1,1140,11,3,0,0,0,0.650299575
26,22.94,56.5,10170,0.65,1,1025,2,3,0,0,0,0.650243497
0,2.9,8,1440,0.8,2,,8,3,0,0,0,0.639867424
30,20.4,58,10440,0.6,1,1031,5,3,0,0,0,0.600062696
0,3.94,10,1800,0.8,2,,9,3,0,0,0,0.582045455
24,49.1,57.5,10350,0.8,1,1381,1,3,0,0,0,0.403242161
0,3.94,8,1440,0.7,2,,10,3,0,0,0,0.235795455
0,4.3,28,5040,0.7,2,,4,3,0,0,0,0.977272727
0,3.94,10,1800,0.8,2,,9,3,0,0,0,0.964106061
0,4.15,8,1440,0.65,2,,5,3,0,0,0,0.958901515
50,11.41,31,4380,0.8,1,1028,6,3,0,0,0,0.800358775
50,25.9,56.5,3630,0.8,1,1380,8,3,0,0,0,0.800162602
63,26.16,59,10620,0.8,1,1196,9,3,0,0,0,0.800117103
0,2.9,8,1440,0.8,2,,12,3,0,0,0,0.793844697
38,22.94,56.5,10170,0.7,1,1006,2,3,0,0,0,0.750517565
63,22.52,57,10260,0.7,1,930,4,3,0,0,0,0.750068049
50,22.52,56.5,10170,0.7,1,1095,3,3,0,0,0,0.750062751
63,22.52,56,10080,0.7,1,938,10,3,0,0,0,0.750057359
50,14.89,57,10260,0.7,1,1484,11,3,0,0,0,0.700170388
0,2.9,8,1440,0.8,2,,8,3,0,0,0,0.683806818
35,20.4,58,8280,0.65,1,1255,5,3,0,0,0,0.650066445
30,48.84,57,10260,0.8,1,1040,7,3,0,0,0,0.576460393
30,22.94,56.5,10170,0.5,1,1492,1,3,0,0,0,0.549969429
0,3.94,8,1440,0.7,2,,10,3,0,0,0,0.538399621
0,4.15,8,1440,0.7,2,,11,3,0,0,0,0.409545455
23,15.26,34,6120,0.35,1,1111,12,3,0,0,0,0.35021836
0,4.15,8,1440,0.7,2,,5,3,0,0,0,1.033570076
63,11.41,31,5580,0.8,1,1047,6,3,0,0,0,0.800261486
50,25.9,56.5,10170,0.8,1,1434,8,3,0,0,0,0.800128721
63,26.16,59,10620,0.8,1,399,9,3,0,0,0,0.800117103
63,22.52,57,10260,0.7,1,983,4,3,0,0,0,0.750068049
63,22.52,56,10080,0.7,1,1108,10,3,0,0,0,0.750057359
50,22.52,57,8460,0.7,1,1134,3,3,0,0,0,0.750037968
50,22.94,57,10260,0.7,1,1363,2,3,0,0,0,0.750031898
0,3.94,10,1800,0.8,2,,9,3,0,0,0,0.72830303
50,14.89,57,10260,0.7,1,1501,11,3,0,0,0,0.700170388
50,20.4,57,10260,0.7,1,1352,5,3,0,0,0,0.700063796
0,2.9,8,1440,0.8,2,,8,3,0,0,0,0.639867424
23,15.26,34,3720,0.5,1,1352,12,3,0,0,0,0.500290419
30,22.94,56,10080,0.35,1,1450,7,3,0,0,0,0.400332792
0,4.15,15,2700,0.7,2,,11,3,0,0,0,0.362666667
0,4.3,20,6000,0.75,2,,4,3,0,0,0,0.978525641
0,3.94,17,5100,0.7,2,,2,3,0,0,0,0.912202112
94,22.52,56,10080,0.75,1,825,4,3,0,0,0,0.900556277
75,11.61,89,5760,0.8,1,916,6,3,0,0,0,0.850410511
0,3.94,8,2400,0.8,2,,9,3,0,0,0,0.827147436
38,25.9,56.5,7470,0.8,1,562,8,3,0,0,0,0.800436542
60,22.94,57,10500,0.7,1,1422,2,3,0,0,0,0.800415742
75,22.52,56,10080,0.7,1,1206,10,3,0,0,0,0.800020563
0,4.15,8,2400,0.7,2,,5,3,0,0,0,0.758173077
50,20.4,58,10440,0.7,1,1404,5,3,0,0,0,0.750344828
63,22.52,57,10260,0.7,1,1139,3,3,0,0,0,0.750068049
50,14.89,57,10260,0.7,1,1735,11,3,0,0,0,0.700170388
34,22.94,57,10260,0.65,1,1595,1,3,0,0,0,0.700029771
23,15.26,34,6360,0.6,1,1245,12,3,0,0,0,0.60017284
0,2.9,8,2400,0.8,2,,8,3,0,0,0,0.594871795
29,54.56,58,4140,0.8,1,757,9,3,0,0,0,0.520237649
0,3.94,8,2400,0.65,2,,1,3,0,0,0,0.505128205
23,22.52,56,10080,0.5,1,1720,7,3,0,0,0,0.500241342
0,4.15,9,2700,0.7,2,,11,3,0,0,0,0.470769231
0,3.94,10,6000,0.6,2,,7,4,0,0,0,0.957638889
0,3.94,14,8400,0.75,2,,10,4,0,0,0,0.940701058
81,22.52,56,10080,0.75,1,759,4,4,0,0,0,0.849983766
60,22.94,57,10620,0.7,1,1510,2,4,0,0,0,0.800302791
63,11.61,32,6360,0.8,1,955,6,4,0,0,0,0.800191989
55,22.52,56,10080,0.75,1,1328,10,4,0,0,0,0.800020563
63,22.94,57,12180,0.7,1,1384,1,4,0,0,0,0.750162367
63,22.52,57,10260,0.7,1,1244,3,4,0,0,0,0.750068049
0,4.15,15,9000,0.7,2,,5,4,0,0,0,0.742901235
40,20.4,58,10440,0.7,1,1480,5,4,0,0,0,0.700250784
50,14.89,57,10260,0.7,1,1863,11,4,0,0,0,0.700170388
0,4.3,15,9000,0.75,2,,4,4,0,0,0,0.670216049
0,3.94,25,15000,0.7,2,,1,4,0,0,0,0.649662222
0,3.94,25,15000,0.7,2,,2,4,0,0,0,0.649662222
0,2.9,8,4800,0.8,2,,6,4,0,0,0,0.626822917
23,15.26,34,6960,0.6,1,1492,12,4,0,0,0,0.600436426
23,22.52,57,10260,0.6,1,1859,7,4,0,0,0,0.60041361
30,40.99,56.5,10770,0.8,1,980,8,4,0,0,0,0.555500132
30,29.12,58,10440,0.5,1,970,9,4,0,0,0,0.500547544
0,3.94,20,12000,0.7,2,,3,4,0,0,0,0.460578704
0,2.9,8,4800,0.8,2,,8,4,0,0,0,0.397743056
0,4.08,9,5400,0.6,2,,12,4,0,0,0,0.327407407
0,4.15,15,2700,0.7,2,,5,4,0,0,0,0.966666667
0,3.94,10,1800,0.75,2,,10,4,0,0,0,0.937242424
0,2.9,9,1620,0.8,2,,8,4,0,0,0,0.910521886
94,22.94,57,10260,0.75,1,1606,2,4,0,0,0,0.90064806
94,22.52,57,10260,0.75,1,727,4,4,0,0,0,0.900321106
0,4.15,10,1800,0.75,2,,11,4,0,0,0,0.896022727
0,3.94,8,1440,0.75,2,,3,4,0,0,0,0.895454545
0,3.94,12,2160,0.65,2,,7,4,0,0,0,0.870580808
0,4.08,9,1620,0.7,2,,12,4,0,0,0,0.858585859
75,22.94,57,10260,0.7,1,1472,1,4,0,0,0,0.800643806
69,22.52,56,10080,0.75,1,1332,10,4,0,0,0,0.80062987
63,11.61,32,5640,0.8,1,1009,6,4,0,0,0,0.800537143
69,22.52,57,10260,0.75,1,1266,3,4,0,0,0,0.80035194
40,15.26,34,6120,0.75,1,1316,12,4,0,0,0,0.750079323
56,42.97,57,10260,0.75,1,1282,11,4,0,0,0,0.750041201
50,20.4,58,10440,0.7,1,1382,5,4,0,0,0,0.700250784
0,4.3,12,2160,0.75,2,,4,4,0,0,0,0.651515152
26,22.52,56.5,10170,0.65,1,1295,7,4,0,0,0,0.650416734
23,29.12,58,6660,0.6,1,925,9,4,0,0,0,0.600125217
0,3.94,8,1440,0.75,2,,2,4,0,0,0,0.578314394
0,3.94,8,1440,0.7,2,,1,4,0,0,0,0.578314394
23,15.09,52,9360,0.35,1,1448,8,4,0,0,0,0.34998951
0,3.94,8,1440,0.6,2,,9,4,0,0,0,0.261174242
0,4.15,17,3060,0.7,2,,5,4,0,0,0,0.973796791
0,3.94,8,1440,0.75,2,,2,4,0,0,0,0.970075758
0,3.94,8,1440,0.7,2,,1,4,0,0,0,0.970075758
0,3.94,9,1620,0.75,2,,3,4,0,0,0,0.961784512
0,3.94,19,3420,0.75,2,,10,4,0,0,0,0.955151515
0,4.3,12,2160,0.75,2,,4,4,0,0,0,0.952020202
94,22.52,57,10260,0.75,1,867,4,4,0,0,0,0.900321106
81,22.94,58.5,10530,0.75,1,1636,2,4,0,0,0,0.850223776
75,22.94,58.5,10530,0.7,1,1682,1,4,0,0,0,0.800909609
55,22.52,57.5,10350,0.75,1,1495,3,4,0,0,0,0.800513307
63,11.61,32,5760,0.8,1,1181,6,4,0,0,0,0.800386364
69,22.52,56,10080,0.75,1,1413,10,4,0,0,0,0.800020563
0,3.94,14,2520,0.65,2,,7,4,0,0,0,0.749188312
40,22.52,56.5,10170,0.7,1,360,7,4,0,0,0,0.7005417
40,15.26,34,6120,0.7,1,1296,12,4,0,0,0,0.70043672
50,20.4,58,10440,0.7,1,1217,5,4,0,0,0,0.700250784
26,29.12,58,10440,0.65,1,1086,9,4,0,0,0,0.650407524
0,4.08,9,1620,0.7,2,,12,4,0,0,0,0.618181818
40,42.97,57,10260,0.75,1,532,11,4,0,0,0,0.59114168
23,15.09,52,720,0.5,1,1557,8,4,0,0,0,0.500061916
0,2.9,4,720,0.8,2,,8,4,0,0,0,0.329545455
0,3.94,10,1800,0.75,2,,3,4,0,0,0,1.059621212
0,3.94,21,3780,0.75,2,,10,4,0,0,0,0.997792208
0,4.3,12,2160,0.75,2,,4,4,0,0,0,0.963699495
0,4.15,15,2700,0.7,2,,5,4,0,0,0,0.959191919
0,3.94,10,1800,0.75,2,,2,4,0,0,0,0.910378788
0,3.94,10,1800,0.7,2,,1,4,0,0,0,0.910378788
60,22.52,56.5,10170,0.8,1,1016,4,4,0,0,0,0.850312684
50,11.61,32,5760,0.8,1,1072,6,4,0,0,0,0.800386364
69,22.52,57,10260,0.75,1,1584,3,4,0,0,0,0.80035194
55,22.94,57,10260,0.75,1,1764,2,4,0,0,0,0.800034024
60,22.94,58,10440,0.7,1,1745,1,4,0,0,0,0.800023511
55,22.52,56,10080,0.75,1,1250,10,4,0,0,0,0.800020563
0,4.08,9,1620,0.7,2,,12,4,0,0,0,0.769292929
56,20.4,58,10320,0.75,1,1118,5,4,0,0,0,0.750031447
40,29.12,58,10440,0.7,1,1143,9,4,0,0,0,0.70061442
40,15.26,34,6120,0.7,1,1337,12,4,0,0,0,0.70043672
0,3.94,8,1440,0.65,2,,7,4,0,0,0,0.646306818
23,15.09,52,360,0.6,1,1519,8,4,0,0,0,0.600143365
23,28.08,57,10260,0.35,1,749,11,4,0,0,0,0.350066986
119,22.52,57,6840,0.75,1,1635,2,4,0,0,0,1.000230409
119,22.52,57,6840,0.75,1,1299,3,4,0,0,0,1.000230409
0,3.94,12,1440,0.8,2,,10,4,0,0,0,0.979527778
0,4.3,12,1440,0.8,2,,4,4,0,0,0,0.940625
0,4.15,12,1440,0.5,2,,5,4,0,0,0,0.926388889
70,22.52,56,6720,0.8,1,1134,10,4,0,0,0,0.900129762
0,3.94,12,1440,0.75,2,,3,4,0,0,0,0.861875
60,22.52,56.5,6780,0.8,1,1106,4,4,0,0,0,0.850312684
0,3.94,8,960,0.65,2,,8,4,0,0,0,0.845458333
0,4.15,9,1080,0.7,2,,12,4,0,0,0,0.823555556
0,4.15,8,960,0.5,2,,7,4,0,0,0,0.803541667
55,22.94,58,6960,0.75,1,1871,1,4,0,0,0,0.800263218
0,3.94,10,1200,0.75,2,,2,4,0,0,0,0.788
0,3.94,10,1200,0.75,2,,1,4,0,0,0,0.77815
50,29.12,58,6960,0.7,1,1294,9,4,0,0,0,0.700386207
40,15.26,34,4080,0.7,1,1462,12,4,0,0,0,0.700164706
23,15.09,52,240,0.65,1,976,8,4,0,0,0,0.650307143
34,30.4,32,3840,0.8,1,338,6,4,0,0,0,0.622828125
0,2.9,8,960,0.8,2,,6,4,0,0,0,0.6225
30,20.79,58,6960,0.5,1,1455,5,4,0,0,0,0.500035345
23,48.18,54,6480,0.5,1,1282,11,4,0,0,0,0.37046657
90,22.52,57,6840,0.8,1,1559,2,4,0,0,0,1.000230409
113,22.52,57,6840,0.8,1,1350,3,4,0,0,0,1.000230409
0,2.9,15,1800,0.35,2,,6,4,0,0,0,0.977555556
0,3.94,10,1200,0.75,2,,1,4,0,0,0,0.9456
0,3.94,15,1800,0.8,2,,2,4,0,0,0,0.902222222
60,22.52,56,6720,0.8,1,1175,10,4,0,0,0,0.850532143
81,22.94,58,6960,0.75,1,1868,1,4,0,0,0,0.850362069
0,3.94,10,1200,0.8,2,,10,4,0,0,0,0.840533333
88,20.79,58,6960,0.6,1,1045,5,4,0,0,0,0.800534483
50,22.52,56.5,6780,0.8,1,1342,4,4,0,0,0,0.800489676
0,4.08,9,1080,0.75,2,,12,4,0,0,0,0.755555556
63,29.12,58,6960,0.7,1,1340,9,4,0,0,0,0.750593103
45,15.26,35,3600,0.75,1,1429,12,4,0,0,0,0.750283333
0,4.3,12,1440,0.8,2,,4,4,0,0,0,0.722638889
0,4.15,8,960,0.65,2,,8,4,0,0,0,0.553333333
46,20.1,54,5880,0.5,1,1413,11,4,0,0,0,0.500567308
0,38.09,52,6240,0.7,1,336,8,4,0,0,0,0.467693269
23,18.79,32,1800,0.35,1,511,6,4,0,0,0,0.437995338
0,3.94,8,960,0.6,2,,7,4,0,0,0,0.406354167
0,23.54,55,6600,0.6,1,958,7,4,0,0,0,0.285333333
0,2.9,8,960,0.5,2,,11,4,0,0,0,0.259375
113,22.52,57,6840,0.8,1,1416,2,5,0,0,0,1.000230409
0,4.3,10,1200,0.8,2,,4,5,0,0,0,0.989
100,22.52,57,6840,0.8,1,1287,3,5,0,0,0,0.950185965
88,22.52,57.5,6900,0.8,1,1444,4,5,0,0,0,0.9008
88,22.52,56,6720,0.8,1,1088,10,5,0,0,0,0.900129762
0,2.9,10,1200,0.5,2,,6,5,0,0,0,0.899
0,4.15,8,960,0.65,2,,8,5,0,0,0,0.877552083
0,2.9,8,960,0.6,2,,11,5,0,0,0,0.864583333
0,3.94,10,1200,0.8,2,,10,5,0,0,0,0.85695
0,3.94,10,1200,0.75,2,,1,5,0,0,0,0.853666667
81,22.94,58,6960,0.75,1,1579,1,5,0,0,0,0.850362069
53,29.12,58,6960,0.7,1,1170,9,5,0,0,0,0.850170115
81,20.79,59,7080,0.65,1,1015,5,5,0,0,0,0.800473729
0,3.94,10,1200,0.8,2,,2,5,0,0,0,0.773333333
45,15.26,35,4200,0.75,1,1436,12,5,0,0,0,0.750646667
0,4.08,9,1080,0.75,2,,12,5,0,0,0,0.634666667
46,20.1,51,4320,0.6,1,1601,11,5,0,0,0,0.60059761
23,18.79,33,3960,0.5,1,717,6,5,0,0,0,0.500117677
0,3.94,8,960,0.8,2,,3,5,0,0,0,0.4925
0,23.54,55,6600,0.65,1,830,7,5,0,0,0,0.48792
113,22.52,58,6960,0.8,1,1136,3,5,0,0,0,1.000457471
113,22.52,57,6840,0.8,1,1397,2,5,0,0,0,1.000230409
0,3.94,10,1200,0.8,2,,2,5,0,0,0,0.971866667
0,3.94,8,960,0.8,2,,3,5,0,0,0,0.971866667
0,3.94,10,1200,0.8,2,,4,5,0,0,0,0.971866667
0,3.94,10,1200,0.8,2,,10,5,0,0,0,0.971866667
0,3.94,15,1800,0.75,2,,1,5,0,0,0,0.971866667
0,3.94,2,240,0.75,2,,9,5,0,0,0,0.971866667
0,4.08,9,1080,0.75,2,,12,5,0,0,0,0.971866667
0,3.94,2,240,0.7,2,,5,5,0,0,0,0.971866667
0,3.94,10,1200,0.7,2,,7,5,0,0,0,0.971866667
0,3.94,8,960,0.65,2,,8,5,0,0,0,0.971866667
0,3.94,5,600,0.65,2,,11,5,0,0,0,0.971866667
0,3.94,10,1200,0.6,2,,6,5,0,0,0,0.971866667
93,22.52,56,6720,0.8,1,1116,10,5,0,0,0,0.920236905
88,22.52,57.5,6660,0.8,1,1432,4,5,0,0,0,0.900537069
81,29.12,57,6840,0.75,1,1082,9,5,0,0,0,0.850610526
81,22.94,58,6960,0.75,1,1502,1,5,0,0,0,0.850362069
45,15.26,35,4200,0.75,1,1209,12,5,0,0,0,0.750646667
56,50.89,59,5880,0.7,1,282,5,5,0,0,0,0.656763743
49,20.1,54,6480,0.65,1,1417,11,5,0,0,0,0.650148148
23,18.79,33,3960,0.6,1,799,6,5,0,0,0,0.600710606
0,23.54,56,6720,0.7,1,1109,7,5,0,0,0,0.388830357
0,23.54,54,6480,0.5,1,1144,8,5,0,0,0,0.286984568
0,4.15,8,960,0.65,2,,8,1,0,0,0,1.0115625
113,22.52,57.5,6900,0.8,1,1396,2,1,0,0,0,1.000671304
113,22.94,58.5,3060,0.8,1,1582,1,1,0,0,0,1.000402055
0,3.94,19,2280,0.75,2,,1,1,0,0,0,0.950438596
100,22.52,57,6840,0.8,1,1124,3,1,0,0,0,0.950185965
0,3.94,10,1200,0.8,2,,2,1,0,0,0,0.912766667
0,3.94,18,2160,0.7,2,,7,1,0,0,0,0.892194444
0,3.94,10,1200,0.8,2,,10,1,0,0,0,0.8865
75,22.52,56,6720,0.8,1,1282,10,1,0,0,0,0.850532143
60,22.52,58.5,7020,0.8,1,1472,4,1,0,0,0,0.85011396
0,4.3,12,1440,0.8,2,,4,1,0,0,0,0.845069444
45,29.12,58,6960,0.75,1,1282,9,1,0,0,0,0.750593103
45,15.26,35,1440,0.75,1,1276,12,1,0,0,0,0.750450658
0,4.08,9,1080,0.75,2,,12,1,0,0,0,0.702666667
75,20.1,54,6120,0.7,1,1192,11,1,0,0,0,0.700508929
26,18.79,33,3960,0.65,1,881,6,1,0,0,0,0.651007071
0,24.26,55,6600,0.6,1,1196,8,1,0,0,0,0.466821212
0,24.26,56,6720,0.7,1,1400,7,1,0,0,0,0.411553571
0,2.9,10,1200,0.6,2,,6,1,0,0,0,0.314166667
113,22.94,58.5,7020,0.8,1,16882,1,1,0,0,0,1.000602279
0,3.94,8,960,0.75,2,,9,1,0,0,0,0.994270833
88,22.52,58.5,7020,0.8,1,21385,2,1,0,0,0,0.900158405
70,22.52,57,6840,0.8,1,21266,3,1,0,0,0,0.90014152
88,22.52,56,6720,0.8,1,21540,10,1,0,0,0,0.900129762
0,3.94,10,1200,0.8,2,,10,1,0,0,0,0.85695
0,4.3,12,1440,0.8,2,,4,1,0,0,0,0.809236111
63,15.26,35,3600,0.8,1,12261,12,1,0,0,0,0.800401961
50,22.52,56.5,5940,0.8,1,23122,4,1,0,0,0,0.800393224
55,29.12,58,6960,0.75,1,8992,9,1,0,0,0,0.799963218
0,4.08,9,1080,0.75,2,,12,1,0,0,0,0.740444444
60,20.55,54,6480,0.7,1,9792,11,1,0,0,0,0.700398148
30,18.79,33,3960,0.7,1,2984,6,1,0,0,0,0.700354545
0,4.15,8,960,0.65,2,,8,1,0,0,0,0.561979167
0,3.94,19,2280,0.75,2,,1,1,0,0,0,0.504596491
0,30.1,58,6960,0.5,1,839,5,1,0,0,0,0.500801724
0,24.26,56,6720,0.7,1,2698,7,1,0,0,0,0.295307738
0,2.9,10,1200,0.6,2,,6,1,0,0,0,0.280333333
0,24.26,55,6600,0.65,1,1435,8,1,0,0,0,0.260978788
0,3.94,20,2400,0.8,2,,2,1,0,0,0,1.001416667
113,22.52,57.5,6900,0.8,1,1500,1,1,0,0,0,1.000018551
90,22.52,56,6720,0.8,1,1188,10,1,0,0,0,0.999995238
0,3.94,10,1200,0.8,2,,1,1,0,0,0,0.99485
0,4.15,8,960,0.7,2,,8,1,0,0,0,0.976979167
100,22.52,57,6840,0.8,1,1112,3,1,0,0,0,0.950185965
100,22.52,58,6960,0.8,1,1452,2,1,0,0,0,0.949981609
0,3.94,11,1320,0.75,2,,9,1,0,0,0,0.919954545
63,22.52,56.5,5460,0.8,1,340,4,1,0,0,0,0.800434622
50,15.26,35,2040,0.8,1,1029,12,1,0,0,0,0.800259023
0,4.08,9,1080,0.8,2,,12,1,0,0,0,0.778222222
34,29.12,58,6960,0.75,1,1070,9,1,0,0,0,0.750593103
60,25.31,54,5760,0.7,1,946,11,1,0,0,0,0.700513566
30,18.79,33.5,4020,0.7,1,913,6,1,0,0,0,0.700184577
0,24.26,55.5,6660,0.7,1,1363,8,1,0,0,0,0.586465465
0,24.26,56,6720,0.7,1,1639,7,1,0,0,0,0.541517857
0,4.3,12,1440,0.8,2,,4,1,0,0,0,0.5375
0,2.9,8,960,0.7,2,,6,1,0,0,0,0.495416667
0,30.1,58,6960,0.6,1,415,5,1,0,0,0,0.415172414
100,22.52,57.5,6900,0.8,1,1263,2,1,0,0,0,1.05028058
113,22.52,57,6840,0.8,1,968,3,1,0,0,0,1.000230409
113,22.52,56,6720,0.8,1,1108,10,1,0,0,0,0.999995238
0,3.94,18,2160,0.8,2,,2,1,0,0,0,0.966759259
0,3.94,10,1200,0.8,2,,1,1,0,0,0,0.929183333
0,4.15,25,3000,0.7,2,,8,1,0,0,0,0.915766667
88,22.52,57.5,6900,0.8,1,1532,1,1,0,0,0,0.900147246
38,15.26,34,4080,0.8,1,1094,12,1,0,0,0,0.800401961
50,22.52,58,6960,0.8,1,1086,9,1,0,0,0,0.799963218
0,3.94,8,960,0.7,2,,7,1,0,0,0,0.779791667
0,3.94,8,960,0.75,2,,9,1,0,0,0,0.755166667
30,18.79,33,3360,0.7,1,941,6,1,0,0,0,0.700710417
0,24.26,58,6960,0.7,1,1471,7,1,0,0,0,0.700612069
60,10.05,53,6120,0.7,1,1042,11,1,0,0,0,0.700278846
0,29.12,57,6840,0.7,1,1248,8,1,0,0,0,0.700135088
0,4.08,9,1080,0.8,2,,12,1,0,0,0,0.687555556
0,30.1,58.5,5820,0.65,1,326,5,1,0,90,10,0.650834808
0,2.9,8,960,0.7,2,,6,1,0,0,0,0.531666667
23,30.1,55.5,6060,0.35,1,287,4,1,0,150,15,0.350706422
113,22.52,56.5,6780,0.8,1,1300,2,1,0,0,0,1.000446018
113,22.52,57.5,6900,0.8,1,1485,1,1,0,0,0,1.000018551
113,22.52,56,6720,0.8,1,1039,10,1,0,0,0,0.999995238
0,3.94,22,2640,0.8,2,,2,1,0,0,0,0.999924242
100,22.52,57,6840,0.8,1,1063,3,1,0,0,0,0.950185965
0,2.9,8,960,0.7,2,,6,1,0,0,0,0.9425
0,4.08,9,1080,0.8,2,,12,1,0,0,0,0.906666667
0,3.94,10,1200,0.7,2,,7,1,0,0,0,0.8471
0,3.94,12,1440,0.8,2,,1,1,0,0,0,0.845458333
38,15.26,34,720,0.8,1,1083,12,1,0,0,0,0.800612676
50,29.12,58,6960,0.8,1,1069,9,1,0,0,0,0.799963218
0,3.94,8,960,0.8,2,,10,1,0,0,0,0.771583333
34,10.05,26,2520,0.75,1,668,11,1,0,0,0,0.7504
30,18.79,33,2760,0.7,1,766,6,1,0,0,0,0.700079032
0,30.1,58,6960,0.7,1,557,5,1,0,0,0,0.562212644
0,24.26,58,6960,0.07,1,1608,7,1,0,0,0,0.522844828
23,30.1,53,6360,0.5,1,417,4,1,1,0,0,0.500720126
0,24.26,57,6840,0.7,1,1167,8,1,0,0,0,0.496549708
0,3.94,25,3000,0.8,2,,2,1,0,0,0,1.050666667
113,22.52,58,6900,0.8,1,1186,2,1,0,0,0,1.000018551
100,22.52,57,6840,0.8,1,1060,3,1,0,0,0,0.950185965
88,22.52,57,6780,0.8,1,1534,1,1,0,0,0,0.900135693
88,22.52,56,6720,0.8,1,1142,10,1,0,0,0,0.900129762
0,4.08,9,1080,0.8,2,,12,1,0,0,0,0.899111111
0,3.94,10,1200,0.8,2,,1,1,0,0,0,0.870083333
0,2.9,8,960,0.75,2,,6,1,0,0,0,0.845833333
63,15.26,34,4080,0.8,1,1021,12,1,0,0,0,0.800401961
50,29.12,58,6960,0.8,1,829,9,1,0,0,0,0.799963218
0,3.94,8,960,0.8,2,,9,1,0,0,0,0.771583333
34,18.79,33,1560,0.75,1,813,6,1,0,0,0,0.750520115
45,10.05,27,3240,0.75,1,677,11,1,0,0,0,0.750027778
0,3.94,10,1200,0.7,2,,7,1,0,0,0,0.715766667
0,24.26,58,6960,0.7,1,658,7,1,0,270,45,0.662270115
30,30.1,57,6780,0.6,1,486,4,1,1,0,0,0.600224189
0,30.1,59,7500,0.7,1,687,5,1,0,0,0,0.545657673
0,4.3,8,960,0.8,2,,4,1,0,0,0,0.447916667
0,24.26,57,6840,0.7,1,652,8,1,0,300,37,0.365318713
113,22.52,57.5,6900,0.8,1,1233,2,2,0,0,0,1.000018551
0,4.15,12,1440,0.7,2,,7,2,0,0,0,0.928680556
88,22.52,56,6720,0.8,1,1388,10,2,0,0,0,0.9008
88,22.52,56.5,6780,0.8,1,1615,1,2,0,0,0,0.900135693
88,22.52,56,6720,0.8,1,1283,3,2,0,0,0,0.900129762
0,3.94,10,1200,0.8,2,,1,2,0,0,0,0.893066667
0,4.08,9,1080,0.8,2,,12,2,0,0,0,0.891555556
0,3.94,18,2160,0.8,2,,2,2,0,0,0,0.875555556
0,4.15,15,1800,0.7,2,,8,2,0,0,0,0.840888889
63,15.26,34,2880,0.8,1,1026,12,2,0,0,0,0.800355208
50,29.12,58,6960,0.8,1,909,9,2,0,0,0,0.799963218
34,18.79,33,3960,0.75,1,670,6,2,0,0,0,0.75065101
45,10.05,27,3240,0.75,1,629,11,2,0,0,0,0.750027778
0,30.1,58.5,7020,0.7,1,754,5,2,0,0,0,0.700618234
0,2.9,8,960,0.75,2,,6,2,0,0,0,0.610208333
0,3.94,8,960,0.8,2,,9,2,0,0,0,0.607416667
44,30.1,56.5,6780,0.65,1,712,4,2,1,0,0,0.568259587
0,24.26,58,6960,0.7,1,148,7,2,0,0,0,0.355534483
0,24.26,57,6840,0.7,1,154,8,2,0,0,0,0.353259649
0,3.94,18,2160,0.8,2,,2,2,0,0,0,1.057962963
0,3.94,10,1200,0.8,2,,1,2,0,0,0,0.962016667
88,22.52,56,120,0.8,1,1127,10,2,0,0,0,0.9008
70,22.52,57,3600,0.8,1,1506,1,2,0,0,0,0.900509044
70,22.52,57,360,0.8,1,1413,2,2,0,0,0,0.900477825
0,2.9,8,960,0.75,2,,6,2,0,0,0,0.888125
63,15.26,34,4080,0.8,1,970,12,2,0,0,0,0.800401961
50,22.52,57,5400,0.8,1,1271,3,2,0,0,0,0.800161172
50,29.12,58,6960,0.8,1,1073,9,2,0,0,0,0.799963218
50,30.1,57,3300,0.7,1,767,4,2,1,0,0,0.790003236
45,10.05,54,0,0.75,1,103,11,2,0,0,0,0.750648148
0,4.15,15,1800,0.35,2,,8,2,0,0,0,0.707111111
40,30.1,58,7020,0.7,1,773,5,2,0,0,0,0.700618234
0,3.94,8,960,0.8,2,,9,2,0,0,0,0.697708333
0,18.79,34,4080,0.75,1,708,6,2,0,0,0,0.612517157
0,30.1,58,6960,0.35,1,842,7,2,1,0,0,0.350301724
0,30.1,58,6960,0.35,1,901,8,2,1,0,0,0.350301724
0,4.08,9,1080,0.8,2,,12,2,0,0,0,0.272
0,4.08,9,1080,0.8,2,,12,2,0,0,0,1.004888889
0,3.94,18,2160,0.8,2,,2,2,0,0,0,0.966759259
88,22.52,56,0,0.8,1,1268,10,2,0,0,0,0.90063244
88,22.52,57,0,0.8,1,1546,1,2,0,0,0,0.90047076
88,22.52,57,0,0.8,1,813,3,2,0,0,0,0.90047076
88,22.52,57,0,0.8,1,1512,2,2,0,0,0,0.899984058
0,3.94,12,1440,0.8,2,,1,2,0,0,0,0.853666667
38,29.12,58,2160,0.8,1,1263,9,2,0,0,0,0.8008
50,15.26,34,4080,0.8,1,900,12,2,0,0,0,0.800401961
0,4.15,15,1800,0.7,2,,4,2,0,0,0,0.796755556
0,18.79,34,2400,0.75,1,640,6,2,0,0,0,0.750797009
34,10.05,54,3240,0.8,1,13,11,2,0,0,0,0.750648148
45,30.1,58,7020,0.75,1,855,5,2,0,0,0,0.750356125
0,4.15,8,960,0.35,2,,8,2,0,0,0,0.703770833
40,30.1,58,7020,0.7,1,855,4,2,1,0,0,0.700618234
0,3.94,8,960,0.8,2,,9,2,0,0,0,0.6895
0,2.9,8,960,0.75,2,,6,2,0,0,0,0.628333333
23,30.1,58,6960,0.5,1,1025,7,2,1,0,0,0.500801724
30,30.1,58,6960,0.5,1,1061,8,2,1,0,0,0.393548851
0,4.15,15,1800,0.7,2,,4,2,0,0,0,1.033155556
0,4.08,9,1080,0.8,2,,12,2,0,0,0,1.02
90,22.52,57.5,0,0.8,1,1557,2,2,0,0,0,1.000344928
113,22.52,57,0,0.8,1,1498,1,2,0,0,0,1.000065789
0,4.15,12,1440,0.35,2,,8,2,0,0,0,0.994375
0,3.94,18,2160,0.8,2,,2,2,0,0,0,0.912037037
0,4.15,2,240,0.7,2,,5,2,0,0,0,0.87
75,22.52,56,0,0.8,1,598,10,2,0,0,0,0.850364583
38,18.79,34,3480,0.8,1,656,6,2,0,0,0,0.800947475
50,15.26,34,4080,0.8,1,854,12,2,0,0,0,0.800401961
50,29.12,58,3240,0.8,1,609,9,2,0,0,0,0.800144144
56,30.1,59.5,7380,0.75,1,788,5,2,0,0,0,0.750406233
30,30.1,58,4560,0.6,1,1069,8,2,1,0,0,0.714410494
40,30.1,59.5,5940,0.7,1,667,4,2,1,0,0,0.700588406
0,3.94,12,1440,0.8,2,,1,2,0,0,0,0.618361111
23,30.1,58,3360,0.6,1,829,7,2,1,0,0,0.600070513
0,3.94,8,960,0.8,2,,9,2,0,0,0,0.54175
0,22.52,57,6840,0.8,1,11,3,2,1,0,0,0.536901754
0,11.41,52,3240,0.35,1,434,11,2,1,0,0,0.507903226
138,22.52,57,0,0.8,1,1397,1,2,0,0,0,1.100483918
0,4.15,15,1800,0.7,2,,4,2,0,0,0,1.096633333
113,22.52,57.5,0,0.8,1,1327,2,2,0,0,0,1.000344928
0,4.08,9,1080,0.8,2,,12,2,0,0,0,0.838666667
50,15.26,34,4080,0.8,1,894,12,2,0,0,0,0.800401961
0,4.15,12,1440,0.35,2,,8,2,0,0,0,0.755486111
56,30.1,59,7080,0.75,1,610,5,2,0,0,0,0.750799435
0,18.79,33,3960,0.8,1,779,6,2,0,0,0,0.688017677
0,3.94,12,1440,0.8,2,,1,2,0,0,0,0.664875
0,3.94,8,960,0.8,2,,9,2,0,0,0,0.656666667
0,30.1,59,7080,0.7,1,419,4,2,1,0,0,0.637711864
0,3.94,18,2160,0.8,2,,2,2,0,0,0,0.601944444
0,4.15,2,240,0.7,2,,5,2,0,0,0,0.58
0,30.1,59,7080,0.65,1,909,7,2,1,0,0,0.535677966
0,11.41,55,2280,0.5,1,1039,11,2,2,0,0,0.50012336
0,29.12,58,6960,0.8,1,14,9,2,0,0,0,0.497885057
0,30.1,59,7080,0.65,1,1193,8,2,1,0,0,0.463403955
0,22.52,50,6000,0.8,1,10,10,2,0,0,0,0.441392
0,30.1,58,6960,0.35,1,770,3,2,1,0,0,0.350301724
113,22.52,57,6840,0.8,1,1416,1,2,0,0,0,1.000230409
0,4.15,15,1800,0.7,2,,7,2,0,0,0,0.929277778
0,4.15,20,2400,0.75,2,,4,2,0,0,0,0.902916667
0,4.08,9,1080,0.8,2,,12,2,0,0,0,0.800888889
63,15.26,34,4080,0.8,1,942,12,2,0,0,0,0.800401961
63,22.52,57,3660,0.8,1,674,2,2,0,0,0,0.80037492
0,3.94,12,1440,0.8,2,,1,2,0,0,0,0.796208333
0,30.1,59,7140,0.75,1,481,4,2,1,0,0,0.750392157
56,30.1,59,7140,0.75,1,664,5,2,0,0,0,0.750392157
0,4.15,8,960,0.7,2,,8,2,0,0,0,0.725625
0,30.1,60,5160,0.7,1,824,8,2,1,0,0,0.700206125
0,30.1,60,7200,0.7,1,957,7,2,1,0,0,0.602
23,11.41,55,2280,0.6,1,1039,11,2,2,0,0,0.600447507
0,18.79,34,4080,0.8,1,822,6,2,0,0,0,0.557252451
30,30.1,58,6960,0.5,1,1261,3,2,1,0,0,0.500801724
0,2.9,8,960,0.8,2,,6,2,0,0,0,0.483333333
0,3.94,8,960,0.8,2,,9,2,0,0,0,0.238041667
0,3.94,8,960,0.8,2,,1,3,0,0,0,1.1204375
0,3.94,8,960,0.8,2,,2,3,0,0,0,1.108125
113,22.52,57,6840,0.8,1,1420,1,3,0,0,0,1.000230409
0,4.08,9,1080,0.8,2,,12,3,0,0,0,0.876444444
50,15.26,34,1440,0.8,1,1120,12,3,0,0,0,0.800806306
0,4.15,2,240,0.75,2,,5,3,0,0,0,0.760833333
0,30.1,59.5,7140,0.8,1,679,5,3,0,0,0,0.722568627
0,2.9,10,1200,0.6,2,,11,3,0,0,0,0.715333333
0,30.1,59,7080,0.7,1,881,7,3,1,0,0,0.700632768
40,30.1,59,5880,0.7,1,507,8,3,1,2,10,0.700573099
0,18.79,34,4080,0.75,1,814,6,3,0,0,0,0.681598039
23,11.41,53,2640,0.65,1,700,11,3,2,0,0,0.650223718
0,4.15,8,960,0.7,2,,8,3,0,0,0,0.605208333
0,2.9,8,960,0.8,2,,6,3,0,0,0,0.604166667
0,30.1,59.5,7140,0.75,1,919,4,3,1,0,0,0.598627451
30,30.1,58,6960,0.6,1,1361,3,3,1,0,0,0.475718391
0,22.52,57.5,6900,0.8,1,12,2,3,0,0,0,0.432122899
0,4.15,20,2400,0.75,2,,4,3,0,0,0,0.287041667
0,18.79,54,5280,0.5,1,1688,9,3,1,0,0,0.283054487
113,22.52,57,6840,0.8,1,1422,1,3,0,0,0,1.000230409
0,3.94,10,1200,0.8,2,,9,3,0,0,0,0.960433333
0,4.08,9,1080,0.8,2,,12,3,0,0,0,0.891555556
0,4.15,8,960,0.5,2,,3,3,0,0,0,0.864583333
63,30.1,58,600,0.65,1,1263,3,3,1,0,0,0.802243319
0,30.1,59,0,0.8,1,461,5,3,0,0,0,0.800980392
38,15.26,34,3720,0.8,1,1079,12,3,0,0,0,0.800312375
0,2.9,8,960,0.8,2,,6,3,0,0,0,0.773333333
0,18.79,33,3960,0.75,1,895,6,3,0,0,0,0.75065101
0,30.1,58,7020,0.75,1,912,4,3,1,0,0,0.750356125
0,4.15,15,1800,0.75,2,,4,3,0,0,0,0.722333333
30,30.1,59,600,0.7,1,784,7,3,1,0,0,0.700459889
0,4.15,10,1200,0.75,2,,5,3,0,0,0,0.629416667
27,30.1,59,7080,0.7,1,7,8,3,2,2,10,0.621971751
30,11.41,54,2160,0.7,1,680,11,3,2,0,0,0.565972222
0,18.22,44,5280,0.6,1,1131,10,3,1,0,0,0.35542803
0,18.79,54,5400,0.6,1,2103,9,3,1,0,0,0.329964879
0,4.15,15,1800,0.7,2,,7,3,0,0,0,0.258
113,22.52,57,6840,0.8,1,1445,1,3,0,0,0,1.000230409
0,3.94,8,960,0.8,2,,10,3,0,0,0,0.927541667
0,5.13,10,1200,0.7,2,,7,3,0,0,0,0.91375
0,5.13,9,1080,0.8,2,,12,3,0,0,0,0.9025
38,15.26,34,4080,0.8,1,1133,12,3,0,0,0,0.800401961
0,5.13,15,1800,0.5,2,,3,3,0,0,0,0.7866
0,18.79,33,3360,0.75,1,726,6,3,0,0,0,0.750621354
45,30.1,58,7020,0.75,1,849,4,3,1,0,0,0.750356125
0,2.9,8,960,0.8,2,,6,3,0,0,0,0.749166667
30,30.1,59,840,0.7,1,562,7,3,1,0,0,0.700888203
30,11.41,56,3420,0.7,1,1054,11,3,2,0,0,0.700614035
50,30.1,58,6960,0.7,1,1422,3,3,1,0,0,0.700603448
0,5.13,8,960,0.75,2,,4,3,0,0,0,0.656666667
0,30.1,59,7140,0.8,1,680,5,3,0,0,0,0.653431373
0,18.79,51,5520,0.65,1,2120,9,3,1,0,0,0.650134
23,29.4,58,0,0.6,1,179,8,3,2,5,30,0.600982906
0,3.94,8,960,0.8,2,,9,3,0,0,0,0.586041667
0,5.13,15,1800,0.8,2,,2,3,0,0,0,0.5814
0,30.33,56,6720,0.5,1,838,2,3,1,0,0,0.361071429
0,18.22,49,0,0.65,1,741,10,3,1,8,35,0.302117347
0,5.13,10,1200,0.8,2,,12,3,0,0,0,0.9918
0,2.9,12,1440,0.8,2,,6,3,0,0,0,0.936861111
0,5.13,12,1440,0.8,2,,2,3,0,0,0,0.919125
30,11.41,56,3360,0.7,1,685,11,3,2,0,0,0.8211125
50,30.1,58,480,0.8,1,864,4,3,1,0,0,0.800980392
0,30.1,59,0,0.8,1,511,5,3,0,0,0,0.800980392
63,15.26,34,4080,0.8,1,1095,12,3,0,0,0,0.800401961
63,22.52,57,3960,0.8,1,1374,1,3,0,0,0,0.800279693
34,18.79,33,3960,0.75,1,759,6,3,0,0,0,0.75065101
45,30.1,59,2280,0.75,1,553,7,3,1,0,0,0.75053268
0,5.13,8,960,0.75,2,,4,3,0,0,0,0.734645833
40,30.1,58,0,0.7,1,1057,3,3,1,0,0,0.700603448
30,18.79,51,4560,0.7,1,1587,9,3,1,0,0,0.70009573
0,5.13,8,960,0.7,2,,7,3,0,0,0,0.671875
0,3.94,8,960,0.8,2,,10,3,0,0,0,0.64025
0,5.13,8,960,0.7,2,,8,3,0,0,0,0.58
0,3.94,8,960,0.8,2,,9,3,0,0,0,0.549791667
0,30.33,57,6840,0.6,1,868,2,3,1,0,0,0.328131579
0,19.68,47,5640,0.7,1,1119,10,3,1,8,35,0.303574468
0,5.13,8,960,0.5,2,,3,3,0,0,0,0.2565
0,29.4,57,4560,0.65,1,962,8,3,2,4.5,30,0.251399254
0,5.13,12,2880,0.5,2,,3,3,0,0,0,0.81640625
38,15.26,34,1080,0.8,1,1126,12,3,0,0,0,0.800711494
63,22.52,57,3840,0.8,1,265,1,3,0,0,0,0.800470513
63,30.1,58.5,7020,0.8,1,859,4,3,1,0,0,0.800094017
63,30.1,59.5,600,0.8,1,276,5,3,0,3.5,15,0.799982853
0,2.9,18,4320,0.8,2,,6,3,0,0,0,0.785864198
56,18.79,33,3960,0.75,1,899,6,3,0,0,0,0.75065101
0,3.94,10,2400,0.8,2,,10,3,0,0,0,0.733277778
0,5.13,15,3600,0.8,2,,2,3,0,0,0,0.710125
50,30.1,58,6960,0.7,1,247,3,3,1,0,0,0.700603448
30,11.41,58,3480,0.7,1,653,11,3,2,0,0,0.700540441
0,29.4,57,6240,0.7,1,1116,8,3,2,0,0,0.7
0,5.13,8,1920,0.75,2,,4,3,0,0,0,0.684027778
0,5.13,8,1920,0.7,2,,8,3,0,0,0,0.672135417
30,18.79,51,6120,0.7,1,1603,9,3,1,0,0,0.638614379
0,5.13,8,1920,0.75,2,,5,3,0,0,0,0.631354167
0,30.1,59,0,0.75,1,444,7,3,1,5,20,0.611140537
0,5.13,9,2160,0.8,2,,12,3,0,0,0,0.609583333
0,30.33,57,6840,0.65,1,841,2,3,1,0,0,0.585315789
0,19.68,48,5760,0.7,1,1410,10,3,1,0,0,0.249416667
0,5.13,15,1800,0.5,2,,3,4,0,0,0,0.8721
0,2.9,8,960,0.8,2,,6,4,0,0,0,0.8319375
0,5.13,20,4800,0.8,2,,2,4,0,0,0,0.8300625
0,2.9,12,2880,0.6,2,,11,4,0,0,0,0.805555556
63,15.26,34,4080,0.8,1,1103,12,4,0,0,0,0.800401961
63,30.1,59,5820,0.8,1,922,4,4,1,0,0,0.80000295
0,5.13,10,2400,0.8,2,,12,4,0,0,0,0.78375
0,3.94,10,2400,0.8,2,,9,4,0,0,0,0.753525
45,18.79,33,3960,0.75,1,1055,6,4,0,0,0,0.75065101
0,3.94,12,2880,0.8,2,,1,4,0,0,0,0.727349537
40,29.4,57,6840,0.7,1,1146,8,4,2,0,0,0.700614035
0,30.33,57,6840,0.7,1,746,2,4,1,0,0,0.700605263
0,11.41,58,3480,0.75,1,834,11,4,2,0,0,0.672140805
30,18.79,57,3240,0.7,1,1717,9,4,1,0,0,0.627011183
33,30.1,58,8160,0.7,1,1041,3,4,2,0,0,0.626577778
0,21.25,50,6000,0.7,1,1531,10,4,1,0,0,0.456875
0,30.1,58,6960,0.75,1,627,7,4,1,3.5,20,0.393548851
0,3.94,8,960,0.8,2,,10,4,0,0,0,0.385791667
0,30.1,60,5700,0.8,1,450,5,4,0,4.5,25,0.307501459
0,5.13,8,960,0.7,2,,7,4,0,0,0,0.283958333
0,3.94,20,2400,0.8,2,,10,4,0,0,0,0.955791667
0,5.13,8,960,0.7,2,,8,4,0,0,0,0.930416667
0,5.13,9,1080,0.8,2,,12,4,0,0,0,0.9025
0,5.13,18,2160,0.8,2,,3,4,0,0,0,0.87115
63,15.26,34,4080,0.8,1,1060,12,4,0,0,0,0.800401961
38,30.1,59,7140,0.8,1,891,4,4,1,0,0,0.800137255
38,30.1,59,7140,0.8,1,541,5,4,0,0,0,0.800137255
45,30.1,58,6960,0.75,1,709,7,4,1,0,0,0.750770115
45,18.79,33,3960,0.75,1,1100,6,4,0,0,0,0.75065101
0,11.41,58,2820,0.75,1,826,11,4,2,0,0,0.750293939
30,30.33,58,2160,0.7,1,577,2,4,1,0,0,0.700623
40,29.4,57,6840,0.7,1,1094,8,4,2,0,0,0.700614035
30,29.4,58,6960,0.7,1,1228,3,4,2,0,0,0.700362069
40,18.79,50,6000,0.7,1,1641,9,4,1,0,0,0.60128
0,21.25,50,6000,0.7,1,1583,10,4,1,0,0,0.417916667
0,2.9,8,960,0.8,2,,6,4,0,0,0,0.3715625
0,2.9,8,960,0.8,2,,9,4,0,0,0,0.3715625
0,5.13,8,960,0.8,2,,2,4,0,0,0,0.36871875
0,5.13,8,960,0.7,2,,7,4,0,0,0,0.356458333
0,2.9,15,1800,0.7,2,,10,4,0,0,0,0.902222222
0,4.6,12,1440,0.8,2,,3,4,0,0,0,0.811388889
50,15.26,34,4080,0.8,1,1062,12,4,0,0,0,0.800401961
50,30.1,60,7140,0.8,1,450,5,4,0,0,0,0.800137255
50,30.1,59,6480,0.8,1,901,4,4,1,0,0,0.800071839
0,4.6,8,960,0.7,2,,8,4,0,0,0,0.791458333
45,30.1,59,5640,0.75,1,739,7,4,1,0,0,0.750727326
45,18.79,33,3360,0.75,1,913,6,4,0,0,0,0.75065101
34,11.61,57,3360,0.75,1,698,11,4,2,0,0,0.750437269
45,29.4,60,5340,0.75,1,1172,3,4,2,0,0,0.750176991
0,2.9,15,1800,0.75,2,,6,4,0,0,0,0.726933333
0,2.9,15,1800,0.7,2,,9,4,0,0,0,0.726933333
30,30.33,59,1680,0.7,1,408,2,4,1,0,0,0.700623
40,29.4,58,4560,0.7,1,1079,8,4,2,0,0,0.700518519
30,18.79,52,3000,0.7,1,1068,9,4,1,0,0,0.700256795
0,2.9,8,960,0.7,2,,11,4,0,0,0,0.5046875
0,21.25,53,6360,0.7,1,1834,10,4,1,0,0,0.471108491
0,3.9,8,960,0.7,2,,2,4,0,0,0,0.325
0,22.53,42,5040,0.6,1,708,1,4,1,0,0,0.268214286
56,18.79,52,6240,0.75,1,1085,9,4,1,0,0,0.970816667
0,4.6,9,1080,0.8,2,,5,4,0,0,0,0.902962963
0,4.6,20,2400,0.8,2,,3,4,0,0,0,0.900833333
0,4.6,15,1800,0.8,2,,12,4,0,0,0,0.899555556
0,2.9,10,1200,0.7,2,,10,4,0,0,0,0.845833333
50,30.1,59,4080,0.8,1,323,4,4,1,0,0,0.800808642
50,15.26,34,4080,0.8,1,1053,12,4,0,0,0,0.800401961
50,30.1,59,7080,0.8,1,786,7,4,2,0,0,0.800115819
45,18.79,33,3960,0.75,1,1003,6,4,1,0,0,0.75065101
45,11.61,57,3360,0.75,1,635,11,4,0,0,0,0.750503571
45,29.4,58,6960,0.75,1,1283,3,4,2,0,0,0.750206897
30,29.4,58,6960,0.7,1,847,8,4,1,0,0,0.700362069
30,30.33,58,3960,0.7,1,361,2,4,1,0,0,0.700069811
0,21.82,52,6240,0.7,1,1653,10,4,2,0,0,0.700058333
0,4.6,8,960,0.75,2,,7,4,0,0,0,0.676666667
0,4.6,8,960,0.7,2,,8,4,0,0,0,0.658541667
49,30.1,59,1200,0.8,1,15,5,4,1,0,0,0.598792339
0,22.53,42,5040,0.65,1,762,1,4,1,0,0,0.581130952
0,3.9,8,960,0.7,2,,2,4,0,0,0,0.440375
0,2.9,8,960,0.75,2,,6,4,0,0,0,0.410833333
0,2.9,8,960,0.7,2,,9,4,0,0,0,0.410833333
0,4.6,15,6300,0.8,2,,3,4,0,0,0,0.921703704
0,4.6,18,7560,0.8,2,,5,4,0,0,0,0.921604938
50,30.1,59,4080,0.8,1,694,7,4,1,0,0,0.800808642
50,11.61,57,2820,0.8,1,816,11,4,2,0,0,0.800516667
63,15.26,34,4080,0.8,1,1065,12,4,0,0,0,0.800401961
0,3.94,8,3360,0.5,2,,1,4,0,0,0,0.768847222
45,18.79,33,3960,0.75,1,912,6,4,0,0,0,0.75065101
45,29.4,57,6840,0.75,1,1244,3,4,2,0,0,0.750473684
45,18.79,52,5640,0.75,1,1020,9,4,1,0,0,0.750371895
56,29.4,58,6960,0.75,1,916,8,4,2,0,0,0.750206897
0,21.82,52,3240,0.7,1,1591,10,4,1,0,0,0.700251773
0,30.33,58,6960,0.7,1,398,2,4,1,0,0,0.66237931
0,4.6,9,3780,0.8,2,,12,4,0,0,0,0.590617284
0,3.9,8,960,0.7,2,,2,4,0,0,0,0.5565625
32,30.1,59,7080,0.8,1,437,4,4,2,0,0,0.495617514
38,27.48,57,6840,0.35,1,413,5,4,1,0,0,0.449964912
0,2.9,8,3360,0.7,2,,10,4,0,0,0,0.410833333
0,2.9,8,960,0.75,2,,9,4,0,0,0,0.4078125
23,26.66,55,6600,0.35,1,1164,1,4,2,0,0,0.378895152
0,4.6,8,3360,0.75,2,,8,4,0,0,0,0.376597222
0,2.9,8,3360,0.75,2,,6,4,0,0,0,0.271875
0,4.6,15,6300,0.8,2,,3,4,0,0,0,0.921703704
0,4.6,18,7560,0.8,2,,5,4,0,0,0,0.921604938
50,11.61,58,0,0.8,1,954,11,4,2,0,0,0.800779018
62,15.26,34,1700,0.8,1,1194,12,4,0,0,0,0.800260821
38,30.1,59,840,0.8,1,644,7,4,1,0,0,0.799982853
0,3.94,8,3360,0.5,2,,1,4,0,0,0,0.768847222
45,29.4,57,4440,0.75,1,1144,3,4,2,0,0,0.750716981
45,18.79,33,3960,0.75,1,1012,6,4,0,0,0,0.75065101
56,29.4,58,4560,0.75,1,792,8,4,2,0,0,0.750425926
45,18.79,52,6240,0.75,1,841,9,4,1,0,0,0.750395513
40,21.82,51,6120,0.7,1,1448,10,4,1,0,0,0.700236601
0,30.33,58,4560,0.7,1,512,2,4,1,0,0,0.700211111
0,4.6,9,3780,0.8,2,,12,4,0,0,0,0.590617284
0,3.9,8,960,0.7,2,,2,4,0,0,0,0.5565625
30,27.48,57,6840,0.5,1,609,5,4,1,0,0,0.550403509
30,26.66,57,6840,0.5,1,1448,1,4,2,0,0,0.550349708
23,26.66,58,6960,0.5,1,556,4,4,2,0,0,0.500258046
0,2.9,8,3360,0.7,2,,10,4,0,0,0,0.410833333
0,2.9,8,960,0.75,2,,9,4,0,0,0,0.4078125
0,4.6,8,3360,0.75,2,,8,4,0,0,0,0.376597222
0,2.9,8,3360,0.75,2,,6,4,0,0,0,0.271875
0,4.6,25,10500,0.8,2,,3,1,0,0,0,0.936355556
0,4.6,8,3360,0.75,2,,8,1,0,0,0,0.813611111
63,15.26,34,4080,0.8,1,1106,12,1,0,0,0,0.800401961
56,29.4,57,6240,0.75,1,622,8,1,0,0,0,0.75075
45,18.79,33,3960,0.75,1,1193,6,1,0,0,0,0.75065101
45,29.4,57,6840,0.75,1,1143,3,1,0,0,0,0.750473684
34,18.79,52,6240,0.75,1,895,9,1,0,0,0,0.750395513
38,27.48,56,6720,0.6,1,549,5,1,0,0,0,0.707446429
30,21.82,52,5640,0.7,1,1393,10,1,0,0,0,0.700236601
38,26.66,57,6840,0.6,1,1578,1,1,0,0,0,0.700019883
0,30.33,58,1800,0.7,1,254,2,1,0,0,0,0.683550607
50,11.61,57,0,0.8,1,347,11,1,0,4,20,0.682433036
0,3.94,8,960,0.6,2,,4,1,0,0,0,0.673083333
0,2.9,8,3360,0.7,2,,10,1,0,0,0,0.664583333
23,26.66,57,6840,0.6,1,692,4,1,0,0,0,0.600239766
0,3.9,8,960,0.7,2,,2,1,0,0,0,0.585
0,30.1,58,6960,0.8,1,934,7,1,0,3.5,15,0.579511494
0,3.94,8,3360,0.6,2,,1,1,0,0,0,0.448722222
0,2.9,8,960,0.75,2,,9,1,0,0,0,0.447083333
0,4.6,8,3360,0.8,2,,7,1,0,0,0,0.350416667
0,3.9,10,1200,0.7,2,,2,1,0,0,0,0.92885
0,4.6,24,10080,0.8,2,,3,1,0,0,0,0.86037037
0,3.94,8,960,0.65,2,,4,1,0,0,0,0.806879167
65,26.66,57,6840,0.65,1,1527,1,1,0,0,0,0.800579532
63,15.26,34,4080,0.8,1,1035,12,1,0,0,0,0.800401961
0,2.9,10,1200,0.75,2,,9,1,0,0,0,0.8004
50,11.61,57,0,0.8,1,632,11,1,0,0,0,0.800309211
50,29.4,57,4680,0.8,1,1231,3,1,0,0,0,0.800149813
0,30.1,59,7080,0.8,1,616,7,1,0,0,0,0.800115819
0,4.6,8,3360,0.75,2,,8,1,0,0,0,0.773333333
34,18.79,33,2880,0.75,1,947,6,1,0,0,0,0.750797009
45,29.4,57,6840,0.75,1,551,8,1,0,0,0,0.750473684
45,18.79,52,6240,0.75,1,935,9,1,0,0,0,0.750395513
55,26.66,57,6780,0.65,1,832,4,1,0,0,0,0.750254867
34,27.48,56,6720,0.65,1,544,5,1,0,0,0,0.700903571
30,21.82,51,3600,0.7,1,1511,10,1,0,0,0,0.70013604
0,2.9,8,3360,0.7,2,,10,1,0,0,0,0.632361111
0,4.6,9,3780,0.8,2,,12,1,0,0,0,0.607654321
0,3.94,8,3360,0.65,2,,1,1,0,0,0,0.537919444
0,4.6,8,3360,0.8,2,,7,1,0,0,0,0.342361111
0,4.6,10,4200,0.8,2,,7,1,0,0,0,0.999533333
0,4.6,15,6300,0.8,2,,3,1,0,0,0,0.902962963
50,11.41,56,0,0.8,1,601,11,1,0,0,0,0.800701754
60,26.66,58,6960,0.7,1,1562,1,1,0,0,0,0.800566092
50,15.26,34,4080,0.8,1,983,12,1,0,0,0,0.800401961
50,29.4,57,6840,0.8,1,1156,3,1,0,0,0,0.800333333
50,30.1,59,7080,0.8,1,29,7,1,0,0,0,0.800115819
50,26.66,58,6960,0.7,1,950,4,1,0,0,0,0.750770115
56,29.4,57,6840,0.75,1,534,8,1,0,0,0,0.750473684
34,18.79,52,6240,0.75,1,1096,9,1,0,0,0,0.750395513
45,20.2,33,3120,0.75,1,402,6,1,0,0,0,0.750212553
0,4.6,8,3360,0.75,2,,8,1,0,0,0,0.702777778
30,27.48,57,6840,0.7,1,573,5,1,0,0,0,0.700659649
30,21.82,51,5040,0.7,1,1313,10,1,0,0,0,0.699984417
0,4.6,9,3780,0.8,2,,12,1,0,0,0,0.636049383
0,3.9,15,6300,0.4,2,,2,1,0,0,0,0.567377778
0,3.94,8,3360,0.7,2,,1,1,0,0,0,0.555430556
0,3.94,8,3360,0.7,2,,4,1,0,0,0,0.555430556
0,2.9,8,3360,0.7,2,,10,1,0,0,0,0.463194444
0,4.6,8,3360,0.7,2,,5,1,0,0,0,0.354444444
0,2.9,8,3360,0.75,2,,6,1,0,0,0,0.309333333
0,15.28,45,5400,0.4,1,157,2,1,1,6.5,30,0.30277037
0,4.6,10,1200,0.8,2,,3,1,0,0,0,0.939166667
0,4.6,8,960,0.8,2,,8,1,0,0,0,0.930416667
0,4.6,9,1080,0.8,2,,12,1,0,0,0,0.885925926
0,2.9,8,960,0.75,2,,9,1,0,0,0,0.83375
0,3.94,8,960,0.7,2,,1,1,0,0,0,0.806879167
0,3.94,8,960,0.7,2,,4,1,0,0,0,0.806058333
38,11.41,56,0,0.8,1,433,11,1,0,0,0,0.800701754
50,15.26,34,4080,0.8,1,961,12,1,0,0,0,0.800401961
63,29.4,57,6840,0.8,1,1169,3,1,0,0,0,0.800333333
50,30.1,59,3960,0.8,1,874,7,1,0,0,0,0.800055762
60,26.82,58,6960,0.7,1,1028,4,1,0,0,0,0.799975862
50,26.82,58,6960,0.7,1,1772,1,1,0,0,0,0.750651724
34,18.79,52,6240,0.75,1,1206,9,1,0,0,0,0.750395513
40,27.48,58,6960,0.7,1,586,5,1,0,0,0,0.700424138
30,21.82,53,5760,0.7,1,1334,10,1,0,0,0,0.700058333
0,4.6,20,8400,0.8,2,,7,1,0,0,0,0.684888889
0,4.6,8,960,0.7,2,,5,1,0,0,0,0.592083333
0,3.9,8,960,0.5,2,,2,1,0,0,0,0.5403125
0,29.4,57,6840,0.8,1,30,8,1,0,0,0,0.433263158
0,15.28,46,5520,0.5,1,261,2,1,1,0,0,0.404144928
0,18.79,33,3960,0.75,1,52,6,1,0,0,0,0.332146465
0,4.6,22,2640,0.8,2,,8,1,0,0,0,0.980984848
0,3.9,8,960,0.6,2,,2,1,0,0,0,0.950625
0,2.9,10,1200,0.8,2,,11,1,0,0,0,0.927291667
0,4.6,9,1080,0.8,2,,12,1,0,0,0,0.868888889
0,3.94,8,960,0.7,2,,1,1,0,0,0,0.812625
0,3.94,8,960,0.7,2,,4,1,0,0,0,0.812625
0,4.6,15,1800,0.8,2,,3,1,0,0,0,0.810111111
50,11.41,56,3420,0.8,1,455,11,1,0,0,0,0.800701754
63,29.4,57,1800,0.8,1,797,3,1,0,0,0,0.800534979
50,15.26,34,4080,0.8,1,959,12,1,0,0,0,0.800401961
50,26.82,58,6960,0.7,1,1373,1,1,0,0,0,0.750651724
45,18.79,52,6240,0.75,1,1228,9,1,0,0,0,0.750395513
50,26.82,59,7080,0.7,1,1117,4,1,0,0,0,0.750050847
40,27.48,58,6960,0.7,1,230,5,1,0,0,0,0.700424138
30,21.82,50,6000,0.7,1,1390,10,1,0,0,0,0.700422
0,15.28,46,1320,0.6,1,529,2,1,1,0,0,0.600099145
0,2.9,8,960,0.75,2,,9,1,0,0,0,0.453125
0,30.1,59,1200,0.8,1,834,7,1,0,4,40,0.366053523
0,22.53,39,2640,0.35,1,1450,6,1,1,0,0,0.26369382
0,4.6,9,1080,0.8,2,,12,1,0,0,0,0.868888889
75,15.26,34,4080,0.8,1,986,12,1,0,0,0,0.850520588
70,26.82,58,8160,0.7,1,1267,1,1,0,0,0,0.850045
0,4.6,25,6000,0.8,2,,7,1,0,0,0,0.825444444
0,3.94,10,2400,0.35,2,,5,1,0,0,0,0.80575
60,26.82,58,6960,0.7,1,1195,4,1,0,0,0,0.800746552
63,29.4,57,6840,0.8,1,983,3,1,1,0,0,0.800578947
50,11.41,58,3420,0.8,1,471,11,1,0,0,0,0.800034503
0,2.9,8,960,0.5,2,,6,1,0,0,0,0.7975
45,18.79,51,3480,0.75,1,1226,9,1,0,0,0,0.749987124
30,21.82,50,6000,0.7,1,1251,10,1,0,0,0,0.700422
0,3.94,8,960,0.7,2,,1,1,0,0,0,0.664875
0,3.94,8,960,0.7,2,,4,1,0,0,0,0.664875
0,2.9,8,960,0.8,2,,11,1,0,0,0,0.657083333
0,16.1,45,4200,0.65,1,626,2,1,1,0,0,0.65024031
0,4.6,15,3600,0.8,2,,8,1,0,0,0,0.590740741
0,3.9,8,1920,0.65,2,,2,1,0,0,0,0.528125
0,23.41,39,2280,0.5,1,1379,6,1,1,0,0,0.500528095
24,27.48,58,6960,0.7,1,541,5,1,1,0,0,0.408960345
0,4.6,12,1440,0.8,2,,3,2,0,0,0,0.951944444
0,4.6,9,1080,0.8,2,,12,2,0,0,0,0.945555556
0,2.9,9,1080,0.75,2,,9,2,0,0,0,0.929074074
0,3.94,8,960,0.75,2,,1,2,0,0,0,0.890604167
0,3.94,8,960,0.75,2,,4,2,0,0,0,0.890604167
0,3.9,10,1200,0.7,2,,2,2,0,0,0,0.884
0,3.94,8,960,0.5,2,,5,2,0,0,0,0.857916667
65,26.82,57,6840,0.75,1,1082,4,2,0,0,0,0.850084211
65,26.82,58,6960,0.75,1,1254,1,2,0,0,0,0.85007069
50,30.1,57,3360,0.8,1,1278,3,2,1,0,0,0.800511068
63,15.26,34,4080,0.8,1,1064,12,2,0,0,0,0.800401961
50,11.41,58,3420,0.8,1,313,11,2,0,0,0,0.800034503
0,2.9,8,960,0.8,2,,11,2,0,0,0,0.755208333
45,18.79,52,5640,0.75,1,1239,9,2,0,0,0,0.750371895
30,21.82,50,6000,0.7,1,1335,10,2,0,0,0,0.700422
30,16.1,45,4800,0.7,1,928,2,2,1,0,0,0.700106061
23,23.41,38,2520,0.6,1,1266,6,2,1,0,0,0.601037091
0,30.48,56,6720,0.6,1,869,8,2,1,0,0,0.600528571
23,26.82,59,7080,0.5,1,711,5,2,1,0,0,0.500033898
0,3.9,8,960,0.6,2,,8,2,0,0,0,0.4509375
0,2.9,8,960,0.7,2,,10,2,0,0,0,0.441041667
0,2.9,8,960,0.6,2,,6,2,0,0,0,0.271875
960,2.9,8,0,0.8,2,,11,2,0,0,0,0.960625
1080,4.6,9,0,0.8,2,,12,2,0,0,0,0.902962963
2880,3.94,12,0,0.6,2,,5,2,0,0,0,0.864342593
65,26.82,58,7020,0.75,1,1079,4,2,0,0,0,0.850446154
65,26.82,59,7140,0.75,1,1322,1,2,0,0,0,0.850426891
3600,2.9,15,0,0.75,2,,9,2,0,0,0,0.841
50,30.1,58,5160,0.8,1,964,3,2,1,0,0,0.800842424
63,15.26,34,4080,0.8,1,1132,12,2,0,0,0,0.800401961
50,11.41,58,3420,0.8,1,357,11,2,0,0,0,0.800034503
1440,4.6,12,0,0.8,2,,3,2,0,0,0,0.795416667
960,3.94,8,0,0.75,2,,4,2,0,0,0,0.7953875
960,3.94,8,0,0.75,2,,1,2,0,0,0,0.794566667
45,18.79,52,6240,0.75,1,1193,9,2,0,0,0,0.750395513
30,16.1,45,5520,0.7,1,817,2,2,1,0,0,0.700516224
30,21.82,50,6000,0.7,1,1576,10,2,0,0,0,0.700422
1200,3.9,10,0,0.7,2,,2,2,0,0,0,0.6825
35,23.41,38,4560,0.65,1,1262,6,2,1,0,0,0.650962281
26,30.48,56,6720,0.65,1,953,8,2,1,0,0,0.650421429
23,26.82,59,7080,0.6,1,919,5,2,1,0,0,0.600040678
0,30.48,55,6600,0.5,1,1161,7,2,1,0,0,0.500610909
960,2.9,8,0,0.7,2,,10,2,0,0,0,0.477291667
960,3.9,8,0,0.65,2,,8,2,0,0,0,0.2640625
0,4.6,9,1080,0.8,2,,12,2,0,0,0,0.92
0,3.94,12,1440,0.6,2,,5,2,0,0,0,0.909391667
75,26.82,59,7080,0.75,1,1574,1,2,0,0,0,0.900061017
0,4.6,12,1440,0.8,2,,3,2,0,0,0,0.894444444
0,3.94,8,960,0.75,2,,4,2,0,0,0,0.881575
0,3.94,8,960,0.75,2,,1,2,0,0,0,0.880754167
65,26.82,59,5880,0.75,1,1104,4,2,0,0,0,0.850084211
0,2.9,15,1800,0.75,2,,9,2,0,0,0,0.821666667
63,15.26,34,4080,0.8,1,1069,12,2,0,0,0,0.800401961
63,30.1,58,6960,0.8,1,756,3,2,1,0,0,0.800071839
50,11.41,58,3420,0.8,1,338,11,2,0,0,0,0.800034503
0,2.9,8,960,0.8,2,,11,2,0,0,0,0.758229167
34,21.82,50,6000,0.75,1,1499,10,2,0,0,0,0.750608
45,18.79,52,6240,0.75,1,1247,9,2,0,0,0,0.750395513
0,3.9,8,960,0.7,2,,2,2,0,0,0,0.741
30,30.48,57,6840,0.7,1,923,8,2,1,0,0,0.700505263
30,23.41,38,4560,0.7,1,1180,6,2,1,0,0,0.700246491
40,16.1,45,5400,0.7,1,957,2,2,1,0,0,0.700051852
26,26.82,59,7080,0.65,1,1001,5,2,1,0,0,0.650044068
25,30.48,57,6840,0.6,1,1017,7,2,1,0,0,0.630402924
0,3.9,8,960,0.65,2,,8,2,0,0,0,0.560625
0,3.9,8,960,0.5,2,,7,2,0,0,0,0.560625
0,2.9,8,960,0.7,2,,10,2,0,0,0,0.39875
0,4.6,9,2160,0.8,2,,12,2,0,0,0,0.922839506
0,2.9,10,2400,0.8,2,,11,2,0,0,0,0.874027778
0,3.9,8,1920,0.75,2,,2,2,0,0,0,0.819270833
0,3.94,8,1920,0.75,2,,4,2,0,0,0,0.813309028
0,3.94,8,1920,0.75,2,,1,2,0,0,0,0.812625
63,15.26,34,4080,0.8,1,470,12,2,0,0,0,0.800401961
63,30.1,58,6960,0.8,1,735,3,2,1,0,0,0.800071839
50,11.41,58,3420,0.8,1,560,11,2,0,0,0,0.800034503
0,4.6,8,1920,0.8,2,,3,2,0,0,0,0.786631944
0,3.94,12,1440,0.7,2,,5,2,0,0,0,0.75885
34,21.82,50,6000,0.75,1,1674,10,2,0,0,0,0.750608
45,18.79,52,5040,0.75,1,290,9,2,0,0,0,0.750347333
45,16.1,45,5400,0.75,1,971,2,2,1,0,0,0.750140741
45,26.82,59,7080,0.75,1,1322,1,2,0,0,0,0.750050847
45,26.82,59,7080,0.75,1,1054,4,2,0,0,0,0.750050847
30,26.82,58,6960,0.7,1,992,5,2,1,0,0,0.700556897
30,30.48,57,6840,0.7,1,914,8,2,1,0,0,0.700505263
40,23.41,38,4560,0.7,1,1128,6,2,1,0,0,0.700246491
26,30.48,57,6840,0.65,1,935,7,2,1,0,0,0.650596491
0,2.9,8,960,0.75,2,,10,2,0,0,0,0.628333333
0,3.9,8,960,0.7,2,,8,2,0,0,0,0.625625
0,3.9,8,960,0.65,2,,7,2,0,0,0,0.625625
0,2.9,15,1800,0.75,2,,9,2,0,0,0,0.505888889
0,2.9,6,720,0.7,2,,6,2,0,0,0,0.394722222
